/gscmnt/gc2508/dinglab/estorrs/data/rnaediting/fastqs/C3N-00580.RNA-Seq.R1.T.fastq	/gscmnt/gc2508/dinglab/estorrs/data/rnaediting/fastqs/C3N-00580.RNA-Seq.R2.T.fastq
/gscmnt/gc2508/dinglab/estorrs/data/rnaediting/fastqs/C3N-00733.RNA-Seq.R1.T.fastq	/gscmnt/gc2508/dinglab/estorrs/data/rnaediting/fastqs/C3N-00733.RNA-Seq.R2.T.fastq
/gscmnt/gc2508/dinglab/estorrs/data/rnaediting/fastqs/C3N-00314.RNA-Seq.R1.A.fastq	/gscmnt/gc2508/dinglab/estorrs/data/rnaediting/fastqs/C3N-00314.RNA-Seq.R2.A.fastq
/gscmnt/gc2508/dinglab/estorrs/data/rnaediting/fastqs/C3L-00080.RNA-Seq.R1.T.fastq	/gscmnt/gc2508/dinglab/estorrs/data/rnaediting/fastqs/C3L-00080.RNA-Seq.R2.T.fastq
/gscmnt/gc2508/dinglab/estorrs/data/rnaediting/fastqs/C3L-02508.RNA-Seq.R1.A.fastq	/gscmnt/gc2508/dinglab/estorrs/data/rnaediting/fastqs/C3L-02508.RNA-Seq.R2.A.fastq
/gscmnt/gc2508/dinglab/estorrs/data/rnaediting/fastqs/C3N-00436.RNA-Seq.R1.A.fastq	/gscmnt/gc2508/dinglab/estorrs/data/rnaediting/fastqs/C3N-00436.RNA-Seq.R2.A.fastq
/gscmnt/gc2508/dinglab/estorrs/data/rnaediting/fastqs/C3N-00390.RNA-Seq.R1.A.fastq	/gscmnt/gc2508/dinglab/estorrs/data/rnaediting/fastqs/C3N-00390.RNA-Seq.R2.A.fastq
/gscmnt/gc2508/dinglab/estorrs/data/rnaediting/fastqs/C3N-00198.RNA-Seq.R1.A.fastq	/gscmnt/gc2508/dinglab/estorrs/data/rnaediting/fastqs/C3N-00198.RNA-Seq.R2.A.fastq
/gscmnt/gc2508/dinglab/estorrs/data/rnaediting/fastqs/C3N-02729.RNA-Seq.R1.A.fastq	/gscmnt/gc2508/dinglab/estorrs/data/rnaediting/fastqs/C3N-02729.RNA-Seq.R2.A.fastq
/gscmnt/gc2508/dinglab/estorrs/data/rnaediting/fastqs/C3L-00917.RNA-Seq.R1.A.fastq	/gscmnt/gc2508/dinglab/estorrs/data/rnaediting/fastqs/C3L-00917.RNA-Seq.R2.A.fastq
/gscmnt/gc2508/dinglab/estorrs/data/rnaediting/fastqs/C3N-01200.RNA-Seq.R1.A.fastq	/gscmnt/gc2508/dinglab/estorrs/data/rnaediting/fastqs/C3N-01200.RNA-Seq.R2.A.fastq
/gscmnt/gc2508/dinglab/estorrs/data/rnaediting/fastqs/C3L-00448.RNA-Seq.R1.A.fastq	/gscmnt/gc2508/dinglab/estorrs/data/rnaediting/fastqs/C3L-00448.RNA-Seq.R2.A.fastq
/gscmnt/gc2508/dinglab/estorrs/data/rnaediting/fastqs/C3N-00293.RNA-Seq.R1.A.fastq	/gscmnt/gc2508/dinglab/estorrs/data/rnaediting/fastqs/C3N-00293.RNA-Seq.R2.A.fastq
/gscmnt/gc2508/dinglab/estorrs/data/rnaediting/fastqs/C3N-01649.RNA-Seq.R1.T.fastq	/gscmnt/gc2508/dinglab/estorrs/data/rnaediting/fastqs/C3N-01649.RNA-Seq.R2.T.fastq
/gscmnt/gc2508/dinglab/estorrs/data/rnaediting/fastqs/C3N-02003.RNA-Seq.R1.A.fastq	/gscmnt/gc2508/dinglab/estorrs/data/rnaediting/fastqs/C3N-02003.RNA-Seq.R2.A.fastq
/gscmnt/gc2508/dinglab/estorrs/data/rnaediting/fastqs/C3L-00004.RNA-Seq.R1.N.fastq	/gscmnt/gc2508/dinglab/estorrs/data/rnaediting/fastqs/C3L-00004.RNA-Seq.R2.N.fastq
/gscmnt/gc2508/dinglab/estorrs/data/rnaediting/fastqs/C3N-02000.RNA-Seq.R1.A.fastq	/gscmnt/gc2508/dinglab/estorrs/data/rnaediting/fastqs/C3N-02000.RNA-Seq.R2.A.fastq
/gscmnt/gc2508/dinglab/estorrs/data/rnaediting/fastqs/C3L-00902.RNA-Seq.R1.A.fastq	/gscmnt/gc2508/dinglab/estorrs/data/rnaediting/fastqs/C3L-00902.RNA-Seq.R2.A.fastq
/gscmnt/gc2508/dinglab/estorrs/data/rnaediting/fastqs/C3N-02379.RNA-Seq.R1.A.fastq	/gscmnt/gc2508/dinglab/estorrs/data/rnaediting/fastqs/C3N-02379.RNA-Seq.R2.A.fastq
/gscmnt/gc2508/dinglab/estorrs/data/rnaediting/fastqs/C3N-01823.RNA-Seq.R1.A.fastq	/gscmnt/gc2508/dinglab/estorrs/data/rnaediting/fastqs/C3N-01823.RNA-Seq.R2.A.fastq
/gscmnt/gc2508/dinglab/estorrs/data/rnaediting/fastqs/C3N-02149.RNA-Seq.R1.T.fastq	/gscmnt/gc2508/dinglab/estorrs/data/rnaediting/fastqs/C3N-02149.RNA-Seq.R2.T.fastq
/gscmnt/gc2508/dinglab/estorrs/data/rnaediting/fastqs/C3N-00383.RNA-Seq.R1.T.fastq	/gscmnt/gc2508/dinglab/estorrs/data/rnaediting/fastqs/C3N-00383.RNA-Seq.R2.T.fastq
/gscmnt/gc2508/dinglab/estorrs/data/rnaediting/fastqs/C3N-00556.RNA-Seq.R1.T.fastq	/gscmnt/gc2508/dinglab/estorrs/data/rnaediting/fastqs/C3N-00556.RNA-Seq.R2.T.fastq
/gscmnt/gc2508/dinglab/estorrs/data/rnaediting/fastqs/C3N-00573.RNA-Seq.R1.T.fastq	/gscmnt/gc2508/dinglab/estorrs/data/rnaediting/fastqs/C3N-00573.RNA-Seq.R2.T.fastq
/gscmnt/gc2508/dinglab/estorrs/data/rnaediting/fastqs/C3L-00586.RNA-Seq.R1.T.fastq	/gscmnt/gc2508/dinglab/estorrs/data/rnaediting/fastqs/C3L-00586.RNA-Seq.R2.T.fastq
/gscmnt/gc2508/dinglab/estorrs/data/rnaediting/fastqs/C3L-00589.RNA-Seq.R1.T.fastq	/gscmnt/gc2508/dinglab/estorrs/data/rnaediting/fastqs/C3L-00589.RNA-Seq.R2.T.fastq
/gscmnt/gc2508/dinglab/estorrs/data/rnaediting/fastqs/C3L-02112.RNA-Seq.R1.A.fastq	/gscmnt/gc2508/dinglab/estorrs/data/rnaediting/fastqs/C3L-02112.RNA-Seq.R2.A.fastq
/gscmnt/gc2508/dinglab/estorrs/data/rnaediting/fastqs/C3N-00831.RNA-Seq.R1.A.fastq	/gscmnt/gc2508/dinglab/estorrs/data/rnaediting/fastqs/C3N-00831.RNA-Seq.R2.A.fastq
/gscmnt/gc2508/dinglab/estorrs/data/rnaediting/fastqs/C3N-00573.RNA-Seq.R1.A.fastq	/gscmnt/gc2508/dinglab/estorrs/data/rnaediting/fastqs/C3N-00573.RNA-Seq.R2.A.fastq
/gscmnt/gc2508/dinglab/estorrs/data/rnaediting/fastqs/C3L-00088.RNA-Seq.R1.T.fastq	/gscmnt/gc2508/dinglab/estorrs/data/rnaediting/fastqs/C3L-00088.RNA-Seq.R2.T.fastq
/gscmnt/gc2508/dinglab/estorrs/data/rnaediting/fastqs/C3L-01287.RNA-Seq.R1.A.fastq	/gscmnt/gc2508/dinglab/estorrs/data/rnaediting/fastqs/C3L-01287.RNA-Seq.R2.A.fastq
/gscmnt/gc2508/dinglab/estorrs/data/rnaediting/fastqs/C3L-00079.RNA-Seq.R1.T.fastq	/gscmnt/gc2508/dinglab/estorrs/data/rnaediting/fastqs/C3L-00079.RNA-Seq.R2.T.fastq
/gscmnt/gc2508/dinglab/estorrs/data/rnaediting/fastqs/C3N-01410.RNA-Seq.R1.T.fastq	/gscmnt/gc2508/dinglab/estorrs/data/rnaediting/fastqs/C3N-01410.RNA-Seq.R2.T.fastq
/gscmnt/gc2508/dinglab/estorrs/data/rnaediting/fastqs/C3N-00559.RNA-Seq.R1.A.fastq	/gscmnt/gc2508/dinglab/estorrs/data/rnaediting/fastqs/C3N-00559.RNA-Seq.R2.A.fastq
/gscmnt/gc2508/dinglab/estorrs/data/rnaediting/fastqs/C3L-00395.RNA-Seq.R1.T.fastq	/gscmnt/gc2508/dinglab/estorrs/data/rnaediting/fastqs/C3L-00395.RNA-Seq.R2.T.fastq
/gscmnt/gc2508/dinglab/estorrs/data/rnaediting/fastqs/C3L-00418.RNA-Seq.R1.T.fastq	/gscmnt/gc2508/dinglab/estorrs/data/rnaediting/fastqs/C3L-00418.RNA-Seq.R2.T.fastq
/gscmnt/gc2508/dinglab/estorrs/data/rnaediting/fastqs/C3N-00580.RNA-Seq.R1.A.fastq	/gscmnt/gc2508/dinglab/estorrs/data/rnaediting/fastqs/C3N-00580.RNA-Seq.R2.A.fastq
/gscmnt/gc2508/dinglab/estorrs/data/rnaediting/fastqs/C3L-01890.RNA-Seq.R1.T.fastq	/gscmnt/gc2508/dinglab/estorrs/data/rnaediting/fastqs/C3L-01890.RNA-Seq.R2.T.fastq
/gscmnt/gc2508/dinglab/estorrs/data/rnaediting/fastqs/C3L-01313.RNA-Seq.R1.A.fastq	/gscmnt/gc2508/dinglab/estorrs/data/rnaediting/fastqs/C3L-01313.RNA-Seq.R2.A.fastq
/gscmnt/gc2508/dinglab/estorrs/data/rnaediting/fastqs/C3N-00572.RNA-Seq.R1.T.fastq	/gscmnt/gc2508/dinglab/estorrs/data/rnaediting/fastqs/C3N-00572.RNA-Seq.R2.T.fastq
/gscmnt/gc2508/dinglab/estorrs/data/rnaediting/fastqs/C3N-01175.RNA-Seq.R1.T.fastq	/gscmnt/gc2508/dinglab/estorrs/data/rnaediting/fastqs/C3N-01175.RNA-Seq.R2.T.fastq
/gscmnt/gc2508/dinglab/estorrs/data/rnaediting/fastqs/C3N-02002.RNA-Seq.R1.A.fastq	/gscmnt/gc2508/dinglab/estorrs/data/rnaediting/fastqs/C3N-02002.RNA-Seq.R2.A.fastq
/gscmnt/gc2508/dinglab/estorrs/data/rnaediting/fastqs/C3L-00369.RNA-Seq.R1.T.fastq	/gscmnt/gc2508/dinglab/estorrs/data/rnaediting/fastqs/C3L-00369.RNA-Seq.R2.T.fastq
/gscmnt/gc2508/dinglab/estorrs/data/rnaediting/fastqs/C3N-01361.RNA-Seq.R1.A.fastq	/gscmnt/gc2508/dinglab/estorrs/data/rnaediting/fastqs/C3N-01361.RNA-Seq.R2.A.fastq
/gscmnt/gc2508/dinglab/estorrs/data/rnaediting/fastqs/C3N-02588.RNA-Seq.R1.A.fastq	/gscmnt/gc2508/dinglab/estorrs/data/rnaediting/fastqs/C3N-02588.RNA-Seq.R2.A.fastq
/gscmnt/gc2508/dinglab/estorrs/data/rnaediting/fastqs/C3L-01683.RNA-Seq.R1.T.fastq	/gscmnt/gc2508/dinglab/estorrs/data/rnaediting/fastqs/C3L-01683.RNA-Seq.R2.T.fastq
/gscmnt/gc2508/dinglab/estorrs/data/rnaediting/fastqs/C3N-02433.RNA-Seq.R1.A.fastq	/gscmnt/gc2508/dinglab/estorrs/data/rnaediting/fastqs/C3N-02433.RNA-Seq.R2.A.fastq
/gscmnt/gc2508/dinglab/estorrs/data/rnaediting/fastqs/C3L-01607.RNA-Seq.R1.T.fastq	/gscmnt/gc2508/dinglab/estorrs/data/rnaediting/fastqs/C3L-01607.RNA-Seq.R2.T.fastq
/gscmnt/gc2508/dinglab/estorrs/data/rnaediting/fastqs/C3N-00175.RNA-Seq.R1.T.fastq	/gscmnt/gc2508/dinglab/estorrs/data/rnaediting/fastqs/C3N-00175.RNA-Seq.R2.T.fastq
/gscmnt/gc2508/dinglab/estorrs/data/rnaediting/fastqs/C3L-01861.RNA-Seq.R1.A.fastq	/gscmnt/gc2508/dinglab/estorrs/data/rnaediting/fastqs/C3L-01861.RNA-Seq.R2.A.fastq
/gscmnt/gc2508/dinglab/estorrs/data/rnaediting/fastqs/C3L-00080.RNA-Seq.R1.A.fastq	/gscmnt/gc2508/dinglab/estorrs/data/rnaediting/fastqs/C3L-00080.RNA-Seq.R2.A.fastq
/gscmnt/gc2508/dinglab/estorrs/data/rnaediting/fastqs/C3N-00390.RNA-Seq.R1.T.fastq	/gscmnt/gc2508/dinglab/estorrs/data/rnaediting/fastqs/C3N-00390.RNA-Seq.R2.T.fastq
/gscmnt/gc2508/dinglab/estorrs/data/rnaediting/fastqs/C3N-00167.RNA-Seq.R1.A.fastq	/gscmnt/gc2508/dinglab/estorrs/data/rnaediting/fastqs/C3N-00167.RNA-Seq.R2.A.fastq
/gscmnt/gc2508/dinglab/estorrs/data/rnaediting/fastqs/C3N-00959.RNA-Seq.R1.T.fastq	/gscmnt/gc2508/dinglab/estorrs/data/rnaediting/fastqs/C3N-00959.RNA-Seq.R2.T.fastq
/gscmnt/gc2508/dinglab/estorrs/data/rnaediting/fastqs/C3L-00581.RNA-Seq.R1.T.fastq	/gscmnt/gc2508/dinglab/estorrs/data/rnaediting/fastqs/C3L-00581.RNA-Seq.R2.T.fastq
/gscmnt/gc2508/dinglab/estorrs/data/rnaediting/fastqs/C3L-00814.RNA-Seq.R1.T.fastq	/gscmnt/gc2508/dinglab/estorrs/data/rnaediting/fastqs/C3L-00814.RNA-Seq.R2.T.fastq
/gscmnt/gc2508/dinglab/estorrs/data/rnaediting/fastqs/C3N-02421.RNA-Seq.R1.T.fastq	/gscmnt/gc2508/dinglab/estorrs/data/rnaediting/fastqs/C3N-02421.RNA-Seq.R2.T.fastq
/gscmnt/gc2508/dinglab/estorrs/data/rnaediting/fastqs/C3N-00560.RNA-Seq.R1.A.fastq	/gscmnt/gc2508/dinglab/estorrs/data/rnaediting/fastqs/C3N-00560.RNA-Seq.R2.A.fastq
/gscmnt/gc2508/dinglab/estorrs/data/rnaediting/fastqs/C3N-00578.RNA-Seq.R1.A.fastq	/gscmnt/gc2508/dinglab/estorrs/data/rnaediting/fastqs/C3N-00578.RNA-Seq.R2.A.fastq
/gscmnt/gc2508/dinglab/estorrs/data/rnaediting/fastqs/C3L-02348.RNA-Seq.R1.A.fastq	/gscmnt/gc2508/dinglab/estorrs/data/rnaediting/fastqs/C3L-02348.RNA-Seq.R2.A.fastq
/gscmnt/gc2508/dinglab/estorrs/data/rnaediting/fastqs/C3N-02424.RNA-Seq.R1.T.fastq	/gscmnt/gc2508/dinglab/estorrs/data/rnaediting/fastqs/C3N-02424.RNA-Seq.R2.T.fastq
/gscmnt/gc2508/dinglab/estorrs/data/rnaediting/fastqs/C3N-02000.RNA-Seq.R1.T.fastq	/gscmnt/gc2508/dinglab/estorrs/data/rnaediting/fastqs/C3N-02000.RNA-Seq.R2.T.fastq
/gscmnt/gc2508/dinglab/estorrs/data/rnaediting/fastqs/C3L-00095.RNA-Seq.R1.A.fastq	/gscmnt/gc2508/dinglab/estorrs/data/rnaediting/fastqs/C3L-00095.RNA-Seq.R2.A.fastq
/gscmnt/gc2508/dinglab/estorrs/data/rnaediting/fastqs/C3N-00150.RNA-Seq.R1.A.fastq	/gscmnt/gc2508/dinglab/estorrs/data/rnaediting/fastqs/C3N-00150.RNA-Seq.R2.A.fastq
/gscmnt/gc2508/dinglab/estorrs/data/rnaediting/fastqs/C3N-00959.RNA-Seq.R1.A.fastq	/gscmnt/gc2508/dinglab/estorrs/data/rnaediting/fastqs/C3N-00959.RNA-Seq.R2.A.fastq
/gscmnt/gc2508/dinglab/estorrs/data/rnaediting/fastqs/C3L-01689.RNA-Seq.R1.A.fastq	/gscmnt/gc2508/dinglab/estorrs/data/rnaediting/fastqs/C3L-01689.RNA-Seq.R2.A.fastq
/gscmnt/gc2508/dinglab/estorrs/data/rnaediting/fastqs/C3N-01405.RNA-Seq.R1.A.fastq	/gscmnt/gc2508/dinglab/estorrs/data/rnaediting/fastqs/C3N-01405.RNA-Seq.R2.A.fastq
/gscmnt/gc2508/dinglab/estorrs/data/rnaediting/fastqs/C3L-00095.RNA-Seq.R1.T.fastq	/gscmnt/gc2508/dinglab/estorrs/data/rnaediting/fastqs/C3L-00095.RNA-Seq.R2.T.fastq
/gscmnt/gc2508/dinglab/estorrs/data/rnaediting/fastqs/C3N-02586.RNA-Seq.R1.T.fastq	/gscmnt/gc2508/dinglab/estorrs/data/rnaediting/fastqs/C3N-02586.RNA-Seq.R2.T.fastq
/gscmnt/gc2508/dinglab/estorrs/data/rnaediting/fastqs/C3N-00704.RNA-Seq.R1.A.fastq	/gscmnt/gc2508/dinglab/estorrs/data/rnaediting/fastqs/C3N-00704.RNA-Seq.R2.A.fastq
/gscmnt/gc2508/dinglab/estorrs/data/rnaediting/fastqs/C3L-00140.RNA-Seq.R1.A.fastq	/gscmnt/gc2508/dinglab/estorrs/data/rnaediting/fastqs/C3L-00140.RNA-Seq.R2.A.fastq
/gscmnt/gc2508/dinglab/estorrs/data/rnaediting/fastqs/C3N-02003.RNA-Seq.R1.T.fastq	/gscmnt/gc2508/dinglab/estorrs/data/rnaediting/fastqs/C3N-02003.RNA-Seq.R2.T.fastq
/gscmnt/gc2508/dinglab/estorrs/data/rnaediting/fastqs/C3L-00893.RNA-Seq.R1.T.fastq	/gscmnt/gc2508/dinglab/estorrs/data/rnaediting/fastqs/C3L-00893.RNA-Seq.R2.T.fastq
/gscmnt/gc2508/dinglab/estorrs/data/rnaediting/fastqs/C3L-00973.RNA-Seq.R1.A.fastq	/gscmnt/gc2508/dinglab/estorrs/data/rnaediting/fastqs/C3L-00973.RNA-Seq.R2.A.fastq
/gscmnt/gc2508/dinglab/estorrs/data/rnaediting/fastqs/C3L-01304.RNA-Seq.R1.A.fastq	/gscmnt/gc2508/dinglab/estorrs/data/rnaediting/fastqs/C3L-01304.RNA-Seq.R2.A.fastq
/gscmnt/gc2508/dinglab/estorrs/data/rnaediting/fastqs/C3N-01361.RNA-Seq.R1.T.fastq	/gscmnt/gc2508/dinglab/estorrs/data/rnaediting/fastqs/C3N-01361.RNA-Seq.R2.T.fastq
/gscmnt/gc2508/dinglab/estorrs/data/rnaediting/fastqs/C3N-00435.RNA-Seq.R1.A.fastq	/gscmnt/gc2508/dinglab/estorrs/data/rnaediting/fastqs/C3N-00435.RNA-Seq.R2.A.fastq
/gscmnt/gc2508/dinglab/estorrs/data/rnaediting/fastqs/C3L-00561.RNA-Seq.R1.T.fastq	/gscmnt/gc2508/dinglab/estorrs/data/rnaediting/fastqs/C3L-00561.RNA-Seq.R2.T.fastq
/gscmnt/gc2508/dinglab/estorrs/data/rnaediting/fastqs/C3L-02463.RNA-Seq.R1.T.fastq	/gscmnt/gc2508/dinglab/estorrs/data/rnaediting/fastqs/C3L-02463.RNA-Seq.R2.T.fastq
/gscmnt/gc2508/dinglab/estorrs/data/rnaediting/fastqs/C3L-01882.RNA-Seq.R1.A.fastq	/gscmnt/gc2508/dinglab/estorrs/data/rnaediting/fastqs/C3L-01882.RNA-Seq.R2.A.fastq
/gscmnt/gc2508/dinglab/estorrs/data/rnaediting/fastqs/C3N-00574.RNA-Seq.R1.A.fastq	/gscmnt/gc2508/dinglab/estorrs/data/rnaediting/fastqs/C3N-00574.RNA-Seq.R2.A.fastq
/gscmnt/gc2508/dinglab/estorrs/data/rnaediting/fastqs/C3L-00422.RNA-Seq.R1.T.fastq	/gscmnt/gc2508/dinglab/estorrs/data/rnaediting/fastqs/C3L-00422.RNA-Seq.R2.T.fastq
/gscmnt/gc2508/dinglab/estorrs/data/rnaediting/fastqs/C3N-02582.RNA-Seq.R1.A.fastq	/gscmnt/gc2508/dinglab/estorrs/data/rnaediting/fastqs/C3N-02582.RNA-Seq.R2.A.fastq
/gscmnt/gc2508/dinglab/estorrs/data/rnaediting/fastqs/C3N-00574.RNA-Seq.R1.T.fastq	/gscmnt/gc2508/dinglab/estorrs/data/rnaediting/fastqs/C3N-00574.RNA-Seq.R2.T.fastq
/gscmnt/gc2508/dinglab/estorrs/data/rnaediting/fastqs/C3N-01011.RNA-Seq.R1.T.fastq	/gscmnt/gc2508/dinglab/estorrs/data/rnaediting/fastqs/C3N-01011.RNA-Seq.R2.T.fastq
/gscmnt/gc2508/dinglab/estorrs/data/rnaediting/fastqs/C3N-02380.RNA-Seq.R1.T.fastq	/gscmnt/gc2508/dinglab/estorrs/data/rnaediting/fastqs/C3N-02380.RNA-Seq.R2.T.fastq
/gscmnt/gc2508/dinglab/estorrs/data/rnaediting/fastqs/C3L-00096.RNA-Seq.R1.T.fastq	/gscmnt/gc2508/dinglab/estorrs/data/rnaediting/fastqs/C3L-00096.RNA-Seq.R2.T.fastq
/gscmnt/gc2508/dinglab/estorrs/data/rnaediting/fastqs/C3L-00001.RNA-Seq.R1.A.fastq	/gscmnt/gc2508/dinglab/estorrs/data/rnaediting/fastqs/C3L-00001.RNA-Seq.R2.A.fastq
/gscmnt/gc2508/dinglab/estorrs/data/rnaediting/fastqs/C3N-01416.RNA-Seq.R1.A.fastq	/gscmnt/gc2508/dinglab/estorrs/data/rnaediting/fastqs/C3N-01416.RNA-Seq.R2.A.fastq
/gscmnt/gc2508/dinglab/estorrs/data/rnaediting/fastqs/C3L-00917.RNA-Seq.R1.T.fastq	/gscmnt/gc2508/dinglab/estorrs/data/rnaediting/fastqs/C3L-00917.RNA-Seq.R2.T.fastq
/gscmnt/gc2508/dinglab/estorrs/data/rnaediting/fastqs/C3L-01885.RNA-Seq.R1.T.fastq	/gscmnt/gc2508/dinglab/estorrs/data/rnaediting/fastqs/C3L-01885.RNA-Seq.R2.T.fastq
/gscmnt/gc2508/dinglab/estorrs/data/rnaediting/fastqs/C3N-01021.RNA-Seq.R1.T.fastq	/gscmnt/gc2508/dinglab/estorrs/data/rnaediting/fastqs/C3N-01021.RNA-Seq.R2.T.fastq
/gscmnt/gc2508/dinglab/estorrs/data/rnaediting/fastqs/C3N-02572.RNA-Seq.R1.T.fastq	/gscmnt/gc2508/dinglab/estorrs/data/rnaediting/fastqs/C3N-02572.RNA-Seq.R2.T.fastq
/gscmnt/gc2508/dinglab/estorrs/data/rnaediting/fastqs/C3L-00088.RNA-Seq.R1.A.fastq	/gscmnt/gc2508/dinglab/estorrs/data/rnaediting/fastqs/C3L-00088.RNA-Seq.R2.A.fastq
/gscmnt/gc2508/dinglab/estorrs/data/rnaediting/fastqs/C3N-00852.RNA-Seq.R1.A.fastq	/gscmnt/gc2508/dinglab/estorrs/data/rnaediting/fastqs/C3N-00852.RNA-Seq.R2.A.fastq
/gscmnt/gc2508/dinglab/estorrs/data/rnaediting/fastqs/C3N-00546.RNA-Seq.R1.A.fastq	/gscmnt/gc2508/dinglab/estorrs/data/rnaediting/fastqs/C3N-00546.RNA-Seq.R2.A.fastq
/gscmnt/gc2508/dinglab/estorrs/data/rnaediting/fastqs/C3N-02424.RNA-Seq.R1.A.fastq	/gscmnt/gc2508/dinglab/estorrs/data/rnaediting/fastqs/C3N-02424.RNA-Seq.R2.A.fastq
/gscmnt/gc2508/dinglab/estorrs/data/rnaediting/fastqs/C3L-00913.RNA-Seq.R1.A.fastq	/gscmnt/gc2508/dinglab/estorrs/data/rnaediting/fastqs/C3L-00913.RNA-Seq.R2.A.fastq
/gscmnt/gc2508/dinglab/estorrs/data/rnaediting/fastqs/C3N-02158.RNA-Seq.R1.T.fastq	/gscmnt/gc2508/dinglab/estorrs/data/rnaediting/fastqs/C3N-02158.RNA-Seq.R2.T.fastq
/gscmnt/gc2508/dinglab/estorrs/data/rnaediting/fastqs/C3N-00175.RNA-Seq.R1.A.fastq	/gscmnt/gc2508/dinglab/estorrs/data/rnaediting/fastqs/C3N-00175.RNA-Seq.R2.A.fastq
/gscmnt/gc2508/dinglab/estorrs/data/rnaediting/fastqs/C3L-01924.RNA-Seq.R1.T.fastq	/gscmnt/gc2508/dinglab/estorrs/data/rnaediting/fastqs/C3L-01924.RNA-Seq.R2.T.fastq
/gscmnt/gc2508/dinglab/estorrs/data/rnaediting/fastqs/C3N-00545.RNA-Seq.R1.T.fastq	/gscmnt/gc2508/dinglab/estorrs/data/rnaediting/fastqs/C3N-00545.RNA-Seq.R2.T.fastq
/gscmnt/gc2508/dinglab/estorrs/data/rnaediting/fastqs/C3L-00819.RNA-Seq.R1.A.fastq	/gscmnt/gc2508/dinglab/estorrs/data/rnaediting/fastqs/C3L-00819.RNA-Seq.R2.A.fastq
/gscmnt/gc2508/dinglab/estorrs/data/rnaediting/fastqs/C3N-01024.RNA-Seq.R1.T.fastq	/gscmnt/gc2508/dinglab/estorrs/data/rnaediting/fastqs/C3N-01024.RNA-Seq.R2.T.fastq
/gscmnt/gc2508/dinglab/estorrs/data/rnaediting/fastqs/C3L-00102.RNA-Seq.R1.T.fastq	/gscmnt/gc2508/dinglab/estorrs/data/rnaediting/fastqs/C3L-00102.RNA-Seq.R2.T.fastq
/gscmnt/gc2508/dinglab/estorrs/data/rnaediting/fastqs/C3N-01214.RNA-Seq.R1.A.fastq	/gscmnt/gc2508/dinglab/estorrs/data/rnaediting/fastqs/C3N-01214.RNA-Seq.R2.A.fastq
/gscmnt/gc2508/dinglab/estorrs/data/rnaediting/fastqs/C3L-00097.RNA-Seq.R1.A.fastq	/gscmnt/gc2508/dinglab/estorrs/data/rnaediting/fastqs/C3L-00097.RNA-Seq.R2.A.fastq
/gscmnt/gc2508/dinglab/estorrs/data/rnaediting/fastqs/C3L-02112.RNA-Seq.R1.T.fastq	/gscmnt/gc2508/dinglab/estorrs/data/rnaediting/fastqs/C3L-02112.RNA-Seq.R2.T.fastq
/gscmnt/gc2508/dinglab/estorrs/data/rnaediting/fastqs/C3N-02089.RNA-Seq.R1.A.fastq	/gscmnt/gc2508/dinglab/estorrs/data/rnaediting/fastqs/C3N-02089.RNA-Seq.R2.A.fastq
/gscmnt/gc2508/dinglab/estorrs/data/rnaediting/fastqs/C3N-00546.RNA-Seq.R1.T.fastq	/gscmnt/gc2508/dinglab/estorrs/data/rnaediting/fastqs/C3N-00546.RNA-Seq.R2.T.fastq
/gscmnt/gc2508/dinglab/estorrs/data/rnaediting/fastqs/C3N-00834.RNA-Seq.R1.A.fastq	/gscmnt/gc2508/dinglab/estorrs/data/rnaediting/fastqs/C3N-00834.RNA-Seq.R2.A.fastq
/gscmnt/gc2508/dinglab/estorrs/data/rnaediting/fastqs/C3N-01522.RNA-Seq.R1.T.fastq	/gscmnt/gc2508/dinglab/estorrs/data/rnaediting/fastqs/C3N-01522.RNA-Seq.R2.T.fastq
/gscmnt/gc2508/dinglab/estorrs/data/rnaediting/fastqs/C3N-02155.RNA-Seq.R1.A.fastq	/gscmnt/gc2508/dinglab/estorrs/data/rnaediting/fastqs/C3N-02155.RNA-Seq.R2.A.fastq
/gscmnt/gc2508/dinglab/estorrs/data/rnaediting/fastqs/C3L-00893.RNA-Seq.R1.A.fastq	/gscmnt/gc2508/dinglab/estorrs/data/rnaediting/fastqs/C3L-00893.RNA-Seq.R2.A.fastq
/gscmnt/gc2508/dinglab/estorrs/data/rnaediting/fastqs/C3L-02508.RNA-Seq.R1.T.fastq	/gscmnt/gc2508/dinglab/estorrs/data/rnaediting/fastqs/C3L-02508.RNA-Seq.R2.T.fastq
/gscmnt/gc2508/dinglab/estorrs/data/rnaediting/fastqs/C3N-01071.RNA-Seq.R1.A.fastq	/gscmnt/gc2508/dinglab/estorrs/data/rnaediting/fastqs/C3N-01071.RNA-Seq.R2.A.fastq
/gscmnt/gc2508/dinglab/estorrs/data/rnaediting/fastqs/C3L-01683.RNA-Seq.R1.A.fastq	/gscmnt/gc2508/dinglab/estorrs/data/rnaediting/fastqs/C3L-01683.RNA-Seq.R2.A.fastq
/gscmnt/gc2508/dinglab/estorrs/data/rnaediting/fastqs/C3N-00831.RNA-Seq.R1.T.fastq	/gscmnt/gc2508/dinglab/estorrs/data/rnaediting/fastqs/C3N-00831.RNA-Seq.R2.T.fastq
/gscmnt/gc2508/dinglab/estorrs/data/rnaediting/fastqs/C3L-00083.RNA-Seq.R1.T.fastq	/gscmnt/gc2508/dinglab/estorrs/data/rnaediting/fastqs/C3L-00083.RNA-Seq.R2.T.fastq
/gscmnt/gc2508/dinglab/estorrs/data/rnaediting/fastqs/C3N-00518.RNA-Seq.R1.A.fastq	/gscmnt/gc2508/dinglab/estorrs/data/rnaediting/fastqs/C3N-00518.RNA-Seq.R2.A.fastq
/gscmnt/gc2508/dinglab/estorrs/data/rnaediting/fastqs/C3L-00026.RNA-Seq.R1.A.fastq	/gscmnt/gc2508/dinglab/estorrs/data/rnaediting/fastqs/C3L-00026.RNA-Seq.R2.A.fastq
/gscmnt/gc2508/dinglab/estorrs/data/rnaediting/fastqs/C3N-01414.RNA-Seq.R1.A.fastq	/gscmnt/gc2508/dinglab/estorrs/data/rnaediting/fastqs/C3N-01414.RNA-Seq.R2.A.fastq
/gscmnt/gc2508/dinglab/estorrs/data/rnaediting/fastqs/C3N-02145.RNA-Seq.R1.A.fastq	/gscmnt/gc2508/dinglab/estorrs/data/rnaediting/fastqs/C3N-02145.RNA-Seq.R2.A.fastq
/gscmnt/gc2508/dinglab/estorrs/data/rnaediting/fastqs/C3N-02529.RNA-Seq.R1.A.fastq	/gscmnt/gc2508/dinglab/estorrs/data/rnaediting/fastqs/C3N-02529.RNA-Seq.R2.A.fastq
/gscmnt/gc2508/dinglab/estorrs/data/rnaediting/fastqs/C3N-00194.RNA-Seq.R1.A.fastq	/gscmnt/gc2508/dinglab/estorrs/data/rnaediting/fastqs/C3N-00194.RNA-Seq.R2.A.fastq
/gscmnt/gc2508/dinglab/estorrs/data/rnaediting/fastqs/C3N-00954.RNA-Seq.R1.A.fastq	/gscmnt/gc2508/dinglab/estorrs/data/rnaediting/fastqs/C3N-00954.RNA-Seq.R2.A.fastq
/gscmnt/gc2508/dinglab/estorrs/data/rnaediting/fastqs/C3N-00149.RNA-Seq.R1.A.fastq	/gscmnt/gc2508/dinglab/estorrs/data/rnaediting/fastqs/C3N-00149.RNA-Seq.R2.A.fastq
/gscmnt/gc2508/dinglab/estorrs/data/rnaediting/fastqs/C3N-01023.RNA-Seq.R1.A.fastq	/gscmnt/gc2508/dinglab/estorrs/data/rnaediting/fastqs/C3N-01023.RNA-Seq.R2.A.fastq
/gscmnt/gc2508/dinglab/estorrs/data/rnaediting/fastqs/C3N-01522.RNA-Seq.R1.A.fastq	/gscmnt/gc2508/dinglab/estorrs/data/rnaediting/fastqs/C3N-01522.RNA-Seq.R2.A.fastq
/gscmnt/gc2508/dinglab/estorrs/data/rnaediting/fastqs/C3L-00604.RNA-Seq.R1.A.fastq	/gscmnt/gc2508/dinglab/estorrs/data/rnaediting/fastqs/C3L-00604.RNA-Seq.R2.A.fastq
/gscmnt/gc2508/dinglab/estorrs/data/rnaediting/fastqs/C3L-00913.RNA-Seq.R1.T.fastq	/gscmnt/gc2508/dinglab/estorrs/data/rnaediting/fastqs/C3L-00913.RNA-Seq.R2.T.fastq
/gscmnt/gc2508/dinglab/estorrs/data/rnaediting/fastqs/C3N-02423.RNA-Seq.R1.A.fastq	/gscmnt/gc2508/dinglab/estorrs/data/rnaediting/fastqs/C3N-02423.RNA-Seq.R2.A.fastq
/gscmnt/gc2508/dinglab/estorrs/data/rnaediting/fastqs/C3N-02087.RNA-Seq.R1.T.fastq	/gscmnt/gc2508/dinglab/estorrs/data/rnaediting/fastqs/C3N-02087.RNA-Seq.R2.T.fastq
/gscmnt/gc2508/dinglab/estorrs/data/rnaediting/fastqs/C3L-00361.RNA-Seq.R1.T.fastq	/gscmnt/gc2508/dinglab/estorrs/data/rnaediting/fastqs/C3L-00361.RNA-Seq.R2.T.fastq
/gscmnt/gc2508/dinglab/estorrs/data/rnaediting/fastqs/C3L-00607.RNA-Seq.R1.A.fastq	/gscmnt/gc2508/dinglab/estorrs/data/rnaediting/fastqs/C3L-00607.RNA-Seq.R2.A.fastq
/gscmnt/gc2508/dinglab/estorrs/data/rnaediting/fastqs/C3N-00491.RNA-Seq.R1.A.fastq	/gscmnt/gc2508/dinglab/estorrs/data/rnaediting/fastqs/C3N-00491.RNA-Seq.R2.A.fastq
/gscmnt/gc2508/dinglab/estorrs/data/rnaediting/fastqs/C3N-01261.RNA-Seq.R1.T.fastq	/gscmnt/gc2508/dinglab/estorrs/data/rnaediting/fastqs/C3N-01261.RNA-Seq.R2.T.fastq
/gscmnt/gc2508/dinglab/estorrs/data/rnaediting/fastqs/C3N-00550.RNA-Seq.R1.A.fastq	/gscmnt/gc2508/dinglab/estorrs/data/rnaediting/fastqs/C3N-00550.RNA-Seq.R2.A.fastq
/gscmnt/gc2508/dinglab/estorrs/data/rnaediting/fastqs/C3N-00242.RNA-Seq.R1.A.fastq	/gscmnt/gc2508/dinglab/estorrs/data/rnaediting/fastqs/C3N-00242.RNA-Seq.R2.A.fastq
/gscmnt/gc2508/dinglab/estorrs/data/rnaediting/fastqs/C3L-00001.RNA-Seq.R1.T.fastq	/gscmnt/gc2508/dinglab/estorrs/data/rnaediting/fastqs/C3L-00001.RNA-Seq.R2.T.fastq
/gscmnt/gc2508/dinglab/estorrs/data/rnaediting/fastqs/C3N-00383.RNA-Seq.R1.A.fastq	/gscmnt/gc2508/dinglab/estorrs/data/rnaediting/fastqs/C3N-00383.RNA-Seq.R2.A.fastq
/gscmnt/gc2508/dinglab/estorrs/data/rnaediting/fastqs/C3L-00102.RNA-Seq.R1.A.fastq	/gscmnt/gc2508/dinglab/estorrs/data/rnaediting/fastqs/C3L-00102.RNA-Seq.R2.A.fastq
/gscmnt/gc2508/dinglab/estorrs/data/rnaediting/fastqs/C3L-01453.RNA-Seq.R1.A.fastq	/gscmnt/gc2508/dinglab/estorrs/data/rnaediting/fastqs/C3L-01453.RNA-Seq.R2.A.fastq
/gscmnt/gc2508/dinglab/estorrs/data/rnaediting/fastqs/C3N-00333.RNA-Seq.R1.T.fastq	/gscmnt/gc2508/dinglab/estorrs/data/rnaediting/fastqs/C3N-00333.RNA-Seq.R2.T.fastq
/gscmnt/gc2508/dinglab/estorrs/data/rnaediting/fastqs/C3L-00006.RNA-Seq.R1.T.fastq	/gscmnt/gc2508/dinglab/estorrs/data/rnaediting/fastqs/C3L-00006.RNA-Seq.R2.T.fastq
/gscmnt/gc2508/dinglab/estorrs/data/rnaediting/fastqs/C3N-00866.RNA-Seq.R1.T.fastq	/gscmnt/gc2508/dinglab/estorrs/data/rnaediting/fastqs/C3N-00866.RNA-Seq.R2.T.fastq
/gscmnt/gc2508/dinglab/estorrs/data/rnaediting/fastqs/C3N-02433.RNA-Seq.R1.T.fastq	/gscmnt/gc2508/dinglab/estorrs/data/rnaediting/fastqs/C3N-02433.RNA-Seq.R2.T.fastq
/gscmnt/gc2508/dinglab/estorrs/data/rnaediting/fastqs/C3L-02219.RNA-Seq.R1.T.fastq	/gscmnt/gc2508/dinglab/estorrs/data/rnaediting/fastqs/C3L-02219.RNA-Seq.R2.T.fastq
/gscmnt/gc2508/dinglab/estorrs/data/rnaediting/fastqs/C3L-00448.RNA-Seq.R1.T.fastq	/gscmnt/gc2508/dinglab/estorrs/data/rnaediting/fastqs/C3L-00448.RNA-Seq.R2.T.fastq
/gscmnt/gc2508/dinglab/estorrs/data/rnaediting/fastqs/C3L-00079.RNA-Seq.R1.A.fastq	/gscmnt/gc2508/dinglab/estorrs/data/rnaediting/fastqs/C3L-00079.RNA-Seq.R2.A.fastq
/gscmnt/gc2508/dinglab/estorrs/data/rnaediting/fastqs/C3N-00435.RNA-Seq.R1.T.fastq	/gscmnt/gc2508/dinglab/estorrs/data/rnaediting/fastqs/C3N-00435.RNA-Seq.R2.T.fastq
/gscmnt/gc2508/dinglab/estorrs/data/rnaediting/fastqs/C3L-00368.RNA-Seq.R1.A.fastq	/gscmnt/gc2508/dinglab/estorrs/data/rnaediting/fastqs/C3L-00368.RNA-Seq.R2.A.fastq
/gscmnt/gc2508/dinglab/estorrs/data/rnaediting/fastqs/C3L-00416.RNA-Seq.R1.A.fastq	/gscmnt/gc2508/dinglab/estorrs/data/rnaediting/fastqs/C3L-00416.RNA-Seq.R2.A.fastq
/gscmnt/gc2508/dinglab/estorrs/data/rnaediting/fastqs/C3N-02067.RNA-Seq.R1.A.fastq	/gscmnt/gc2508/dinglab/estorrs/data/rnaediting/fastqs/C3N-02067.RNA-Seq.R2.A.fastq
/gscmnt/gc2508/dinglab/estorrs/data/rnaediting/fastqs/C3N-01003.RNA-Seq.R1.T.fastq	/gscmnt/gc2508/dinglab/estorrs/data/rnaediting/fastqs/C3N-01003.RNA-Seq.R2.T.fastq
/gscmnt/gc2508/dinglab/estorrs/data/rnaediting/fastqs/C3N-02158.RNA-Seq.R1.A.fastq	/gscmnt/gc2508/dinglab/estorrs/data/rnaediting/fastqs/C3N-02158.RNA-Seq.R2.A.fastq
/gscmnt/gc2508/dinglab/estorrs/data/rnaediting/fastqs/C3L-01328.RNA-Seq.R1.T.fastq	/gscmnt/gc2508/dinglab/estorrs/data/rnaediting/fastqs/C3L-01328.RNA-Seq.R2.T.fastq
/gscmnt/gc2508/dinglab/estorrs/data/rnaediting/fastqs/C3L-00096.RNA-Seq.R1.A.fastq	/gscmnt/gc2508/dinglab/estorrs/data/rnaediting/fastqs/C3L-00096.RNA-Seq.R2.A.fastq
/gscmnt/gc2508/dinglab/estorrs/data/rnaediting/fastqs/C3L-01885.RNA-Seq.R1.A.fastq	/gscmnt/gc2508/dinglab/estorrs/data/rnaediting/fastqs/C3L-01885.RNA-Seq.R2.A.fastq
/gscmnt/gc2508/dinglab/estorrs/data/rnaediting/fastqs/C3N-00168.RNA-Seq.R1.T.fastq	/gscmnt/gc2508/dinglab/estorrs/data/rnaediting/fastqs/C3N-00168.RNA-Seq.R2.T.fastq
/gscmnt/gc2508/dinglab/estorrs/data/rnaediting/fastqs/C3L-02345.RNA-Seq.R1.T.fastq	/gscmnt/gc2508/dinglab/estorrs/data/rnaediting/fastqs/C3L-02345.RNA-Seq.R2.T.fastq
/gscmnt/gc2508/dinglab/estorrs/data/rnaediting/fastqs/C3L-01307.RNA-Seq.R1.T.fastq	/gscmnt/gc2508/dinglab/estorrs/data/rnaediting/fastqs/C3L-01307.RNA-Seq.R2.T.fastq
/gscmnt/gc2508/dinglab/estorrs/data/rnaediting/fastqs/C3N-01646.RNA-Seq.R1.A.fastq	/gscmnt/gc2508/dinglab/estorrs/data/rnaediting/fastqs/C3N-01646.RNA-Seq.R2.A.fastq
/gscmnt/gc2508/dinglab/estorrs/data/rnaediting/fastqs/C3N-00203.RNA-Seq.R1.T.fastq	/gscmnt/gc2508/dinglab/estorrs/data/rnaediting/fastqs/C3N-00203.RNA-Seq.R2.T.fastq
/gscmnt/gc2508/dinglab/estorrs/data/rnaediting/fastqs/C3L-02613.RNA-Seq.R1.T.fastq	/gscmnt/gc2508/dinglab/estorrs/data/rnaediting/fastqs/C3L-02613.RNA-Seq.R2.T.fastq
/gscmnt/gc2508/dinglab/estorrs/data/rnaediting/fastqs/C3L-00601.RNA-Seq.R1.A.fastq	/gscmnt/gc2508/dinglab/estorrs/data/rnaediting/fastqs/C3L-00601.RNA-Seq.R2.A.fastq
/gscmnt/gc2508/dinglab/estorrs/data/rnaediting/fastqs/C3N-01071.RNA-Seq.R1.T.fastq	/gscmnt/gc2508/dinglab/estorrs/data/rnaediting/fastqs/C3N-01071.RNA-Seq.R2.T.fastq
/gscmnt/gc2508/dinglab/estorrs/data/rnaediting/fastqs/C3N-01178.RNA-Seq.R1.A.fastq	/gscmnt/gc2508/dinglab/estorrs/data/rnaediting/fastqs/C3N-01178.RNA-Seq.R2.A.fastq
/gscmnt/gc2508/dinglab/estorrs/data/rnaediting/fastqs/C3L-01889.RNA-Seq.R1.T.fastq	/gscmnt/gc2508/dinglab/estorrs/data/rnaediting/fastqs/C3L-01889.RNA-Seq.R2.T.fastq
/gscmnt/gc2508/dinglab/estorrs/data/rnaediting/fastqs/C3L-00814.RNA-Seq.R1.A.fastq	/gscmnt/gc2508/dinglab/estorrs/data/rnaediting/fastqs/C3L-00814.RNA-Seq.R2.A.fastq
/gscmnt/gc2508/dinglab/estorrs/data/rnaediting/fastqs/C3L-01861.RNA-Seq.R1.T.fastq	/gscmnt/gc2508/dinglab/estorrs/data/rnaediting/fastqs/C3L-01861.RNA-Seq.R2.T.fastq
/gscmnt/gc2508/dinglab/estorrs/data/rnaediting/fastqs/C3N-01415.RNA-Seq.R1.T.fastq	/gscmnt/gc2508/dinglab/estorrs/data/rnaediting/fastqs/C3N-01415.RNA-Seq.R2.T.fastq
/gscmnt/gc2508/dinglab/estorrs/data/rnaediting/fastqs/C3N-00150.RNA-Seq.R1.T.fastq	/gscmnt/gc2508/dinglab/estorrs/data/rnaediting/fastqs/C3N-00150.RNA-Seq.R2.T.fastq
/gscmnt/gc2508/dinglab/estorrs/data/rnaediting/fastqs/C3L-01453.RNA-Seq.R1.T.fastq	/gscmnt/gc2508/dinglab/estorrs/data/rnaediting/fastqs/C3L-01453.RNA-Seq.R2.T.fastq
/gscmnt/gc2508/dinglab/estorrs/data/rnaediting/fastqs/C3N-01416.RNA-Seq.R1.T.fastq	/gscmnt/gc2508/dinglab/estorrs/data/rnaediting/fastqs/C3N-01416.RNA-Seq.R2.T.fastq
/gscmnt/gc2508/dinglab/estorrs/data/rnaediting/fastqs/C3N-01261.RNA-Seq.R1.A.fastq	/gscmnt/gc2508/dinglab/estorrs/data/rnaediting/fastqs/C3N-01261.RNA-Seq.R2.A.fastq
/gscmnt/gc2508/dinglab/estorrs/data/rnaediting/fastqs/C3N-01011.RNA-Seq.R1.A.fastq	/gscmnt/gc2508/dinglab/estorrs/data/rnaediting/fastqs/C3N-01011.RNA-Seq.R2.A.fastq
/gscmnt/gc2508/dinglab/estorrs/data/rnaediting/fastqs/C3N-02002.RNA-Seq.R1.T.fastq	/gscmnt/gc2508/dinglab/estorrs/data/rnaediting/fastqs/C3N-02002.RNA-Seq.R2.T.fastq
/gscmnt/gc2508/dinglab/estorrs/data/rnaediting/fastqs/C3L-00412.RNA-Seq.R1.T.fastq	/gscmnt/gc2508/dinglab/estorrs/data/rnaediting/fastqs/C3L-00412.RNA-Seq.R2.T.fastq
/gscmnt/gc2508/dinglab/estorrs/data/rnaediting/fastqs/C3L-01328.RNA-Seq.R1.A.fastq	/gscmnt/gc2508/dinglab/estorrs/data/rnaediting/fastqs/C3L-01328.RNA-Seq.R2.A.fastq
/gscmnt/gc2508/dinglab/estorrs/data/rnaediting/fastqs/C3L-00360.RNA-Seq.R1.T.fastq	/gscmnt/gc2508/dinglab/estorrs/data/rnaediting/fastqs/C3L-00360.RNA-Seq.R2.T.fastq
/gscmnt/gc2508/dinglab/estorrs/data/rnaediting/fastqs/C3N-00244.RNA-Seq.R1.A.fastq	/gscmnt/gc2508/dinglab/estorrs/data/rnaediting/fastqs/C3N-00244.RNA-Seq.R2.A.fastq
/gscmnt/gc2508/dinglab/estorrs/data/rnaediting/fastqs/C3N-00436.RNA-Seq.R1.T.fastq	/gscmnt/gc2508/dinglab/estorrs/data/rnaediting/fastqs/C3N-00436.RNA-Seq.R2.T.fastq
/gscmnt/gc2508/dinglab/estorrs/data/rnaediting/fastqs/C3N-01998.RNA-Seq.R1.T.fastq	/gscmnt/gc2508/dinglab/estorrs/data/rnaediting/fastqs/C3N-01998.RNA-Seq.R2.T.fastq
/gscmnt/gc2508/dinglab/estorrs/data/rnaediting/fastqs/C3L-02549.RNA-Seq.R1.A.fastq	/gscmnt/gc2508/dinglab/estorrs/data/rnaediting/fastqs/C3L-02549.RNA-Seq.R2.A.fastq
/gscmnt/gc2508/dinglab/estorrs/data/rnaediting/fastqs/C3N-00217.RNA-Seq.R1.T.fastq	/gscmnt/gc2508/dinglab/estorrs/data/rnaediting/fastqs/C3N-00217.RNA-Seq.R2.T.fastq
/gscmnt/gc2508/dinglab/estorrs/data/rnaediting/fastqs/C3L-01281.RNA-Seq.R1.T.fastq	/gscmnt/gc2508/dinglab/estorrs/data/rnaediting/fastqs/C3L-01281.RNA-Seq.R2.T.fastq
/gscmnt/gc2508/dinglab/estorrs/data/rnaediting/fastqs/C3N-00180.RNA-Seq.R1.A.fastq	/gscmnt/gc2508/dinglab/estorrs/data/rnaediting/fastqs/C3N-00180.RNA-Seq.R2.A.fastq
/gscmnt/gc2508/dinglab/estorrs/data/rnaediting/fastqs/C3N-02729.RNA-Seq.R1.T.fastq	/gscmnt/gc2508/dinglab/estorrs/data/rnaediting/fastqs/C3N-02729.RNA-Seq.R2.T.fastq
/gscmnt/gc2508/dinglab/estorrs/data/rnaediting/fastqs/C3L-00279.RNA-Seq.R1.A.fastq	/gscmnt/gc2508/dinglab/estorrs/data/rnaediting/fastqs/C3L-00279.RNA-Seq.R2.A.fastq
/gscmnt/gc2508/dinglab/estorrs/data/rnaediting/fastqs/C3N-00852.RNA-Seq.R1.T.fastq	/gscmnt/gc2508/dinglab/estorrs/data/rnaediting/fastqs/C3N-00852.RNA-Seq.R2.T.fastq
/gscmnt/gc2508/dinglab/estorrs/data/rnaediting/fastqs/C3N-02529.RNA-Seq.R1.T.fastq	/gscmnt/gc2508/dinglab/estorrs/data/rnaediting/fastqs/C3N-02529.RNA-Seq.R2.T.fastq
/gscmnt/gc2508/dinglab/estorrs/data/rnaediting/fastqs/C3L-00011.RNA-Seq.R1.A.fastq	/gscmnt/gc2508/dinglab/estorrs/data/rnaediting/fastqs/C3L-00011.RNA-Seq.R2.A.fastq
/gscmnt/gc2508/dinglab/estorrs/data/rnaediting/fastqs/C3L-01330.RNA-Seq.R1.T.fastq	/gscmnt/gc2508/dinglab/estorrs/data/rnaediting/fastqs/C3L-01330.RNA-Seq.R2.T.fastq
/gscmnt/gc2508/dinglab/estorrs/data/rnaediting/fastqs/C3L-01603.RNA-Seq.R1.A.fastq	/gscmnt/gc2508/dinglab/estorrs/data/rnaediting/fastqs/C3L-01603.RNA-Seq.R2.A.fastq
/gscmnt/gc2508/dinglab/estorrs/data/rnaediting/fastqs/C3N-01179.RNA-Seq.R1.A.fastq	/gscmnt/gc2508/dinglab/estorrs/data/rnaediting/fastqs/C3N-01179.RNA-Seq.R2.A.fastq
/gscmnt/gc2508/dinglab/estorrs/data/rnaediting/fastqs/C3N-00552.RNA-Seq.R1.T.fastq	/gscmnt/gc2508/dinglab/estorrs/data/rnaediting/fastqs/C3N-00552.RNA-Seq.R2.T.fastq
/gscmnt/gc2508/dinglab/estorrs/data/rnaediting/fastqs/C3N-01016.RNA-Seq.R1.A.fastq	/gscmnt/gc2508/dinglab/estorrs/data/rnaediting/fastqs/C3N-01016.RNA-Seq.R2.A.fastq
/gscmnt/gc2508/dinglab/estorrs/data/rnaediting/fastqs/C3L-01836.RNA-Seq.R1.A.fastq	/gscmnt/gc2508/dinglab/estorrs/data/rnaediting/fastqs/C3L-01836.RNA-Seq.R2.A.fastq
/gscmnt/gc2508/dinglab/estorrs/data/rnaediting/fastqs/C3N-01415.RNA-Seq.R1.A.fastq	/gscmnt/gc2508/dinglab/estorrs/data/rnaediting/fastqs/C3N-01415.RNA-Seq.R2.A.fastq
/gscmnt/gc2508/dinglab/estorrs/data/rnaediting/fastqs/C3N-01072.RNA-Seq.R1.T.fastq	/gscmnt/gc2508/dinglab/estorrs/data/rnaediting/fastqs/C3N-01072.RNA-Seq.R2.T.fastq
/gscmnt/gc2508/dinglab/estorrs/data/rnaediting/fastqs/C3N-01524.RNA-Seq.R1.A.fastq	/gscmnt/gc2508/dinglab/estorrs/data/rnaediting/fastqs/C3N-01524.RNA-Seq.R2.A.fastq
/gscmnt/gc2508/dinglab/estorrs/data/rnaediting/fastqs/C3N-01346.RNA-Seq.R1.A.fastq	/gscmnt/gc2508/dinglab/estorrs/data/rnaediting/fastqs/C3N-01346.RNA-Seq.R2.A.fastq
/gscmnt/gc2508/dinglab/estorrs/data/rnaediting/fastqs/C3L-00586.RNA-Seq.R1.A.fastq	/gscmnt/gc2508/dinglab/estorrs/data/rnaediting/fastqs/C3L-00586.RNA-Seq.R2.A.fastq
/gscmnt/gc2508/dinglab/estorrs/data/rnaediting/fastqs/C3N-01016.RNA-Seq.R1.T.fastq	/gscmnt/gc2508/dinglab/estorrs/data/rnaediting/fastqs/C3N-01016.RNA-Seq.R2.T.fastq
/gscmnt/gc2508/dinglab/estorrs/data/rnaediting/fastqs/C3N-02380.RNA-Seq.R1.A.fastq	/gscmnt/gc2508/dinglab/estorrs/data/rnaediting/fastqs/C3N-02380.RNA-Seq.R2.A.fastq
/gscmnt/gc2508/dinglab/estorrs/data/rnaediting/fastqs/C3N-00433.RNA-Seq.R1.A.fastq	/gscmnt/gc2508/dinglab/estorrs/data/rnaediting/fastqs/C3N-00433.RNA-Seq.R2.A.fastq
/gscmnt/gc2508/dinglab/estorrs/data/rnaediting/fastqs/C3N-00549.RNA-Seq.R1.A.fastq	/gscmnt/gc2508/dinglab/estorrs/data/rnaediting/fastqs/C3N-00549.RNA-Seq.R2.A.fastq
/gscmnt/gc2508/dinglab/estorrs/data/rnaediting/fastqs/C3N-02145.RNA-Seq.R1.T.fastq	/gscmnt/gc2508/dinglab/estorrs/data/rnaediting/fastqs/C3N-02145.RNA-Seq.R2.T.fastq
/gscmnt/gc2508/dinglab/estorrs/data/rnaediting/fastqs/C3L-02606.RNA-Seq.R1.T.fastq	/gscmnt/gc2508/dinglab/estorrs/data/rnaediting/fastqs/C3L-02606.RNA-Seq.R2.T.fastq
/gscmnt/gc2508/dinglab/estorrs/data/rnaediting/fastqs/C3L-00622.RNA-Seq.R1.A.fastq	/gscmnt/gc2508/dinglab/estorrs/data/rnaediting/fastqs/C3L-00622.RNA-Seq.R2.A.fastq
/gscmnt/gc2508/dinglab/estorrs/data/rnaediting/fastqs/C3L-01637.RNA-Seq.R1.A.fastq	/gscmnt/gc2508/dinglab/estorrs/data/rnaediting/fastqs/C3L-01637.RNA-Seq.R2.A.fastq
/gscmnt/gc2508/dinglab/estorrs/data/rnaediting/fastqs/C3N-01649.RNA-Seq.R1.A.fastq	/gscmnt/gc2508/dinglab/estorrs/data/rnaediting/fastqs/C3N-01649.RNA-Seq.R2.A.fastq
/gscmnt/gc2508/dinglab/estorrs/data/rnaediting/fastqs/C3L-02549.RNA-Seq.R1.T.fastq	/gscmnt/gc2508/dinglab/estorrs/data/rnaediting/fastqs/C3L-02549.RNA-Seq.R2.T.fastq
/gscmnt/gc2508/dinglab/estorrs/data/rnaediting/fastqs/C3L-00144.RNA-Seq.R1.A.fastq	/gscmnt/gc2508/dinglab/estorrs/data/rnaediting/fastqs/C3L-00144.RNA-Seq.R2.A.fastq
/gscmnt/gc2508/dinglab/estorrs/data/rnaediting/fastqs/C3L-00606.RNA-Seq.R1.A.fastq	/gscmnt/gc2508/dinglab/estorrs/data/rnaediting/fastqs/C3L-00606.RNA-Seq.R2.A.fastq
/gscmnt/gc2508/dinglab/estorrs/data/rnaediting/fastqs/C3L-01682.RNA-Seq.R1.T.fastq	/gscmnt/gc2508/dinglab/estorrs/data/rnaediting/fastqs/C3L-01682.RNA-Seq.R2.T.fastq
/gscmnt/gc2508/dinglab/estorrs/data/rnaediting/fastqs/C3L-00418.RNA-Seq.R1.A.fastq	/gscmnt/gc2508/dinglab/estorrs/data/rnaediting/fastqs/C3L-00418.RNA-Seq.R2.A.fastq
/gscmnt/gc2508/dinglab/estorrs/data/rnaediting/fastqs/C3L-00361.RNA-Seq.R1.A.fastq	/gscmnt/gc2508/dinglab/estorrs/data/rnaediting/fastqs/C3L-00361.RNA-Seq.R2.A.fastq
/gscmnt/gc2508/dinglab/estorrs/data/rnaediting/fastqs/C3N-00517.RNA-Seq.R1.T.fastq	/gscmnt/gc2508/dinglab/estorrs/data/rnaediting/fastqs/C3N-00517.RNA-Seq.R2.T.fastq
/gscmnt/gc2508/dinglab/estorrs/data/rnaediting/fastqs/C3N-01998.RNA-Seq.R1.A.fastq	/gscmnt/gc2508/dinglab/estorrs/data/rnaediting/fastqs/C3N-01998.RNA-Seq.R2.A.fastq
/gscmnt/gc2508/dinglab/estorrs/data/rnaediting/fastqs/C3L-00004.RNA-Seq.R1.T.fastq	/gscmnt/gc2508/dinglab/estorrs/data/rnaediting/fastqs/C3L-00004.RNA-Seq.R2.T.fastq
/gscmnt/gc2508/dinglab/estorrs/data/rnaediting/fastqs/C3L-00263.RNA-Seq.R1.T.fastq	/gscmnt/gc2508/dinglab/estorrs/data/rnaediting/fastqs/C3L-00263.RNA-Seq.R2.T.fastq
/gscmnt/gc2508/dinglab/estorrs/data/rnaediting/fastqs/C3N-01648.RNA-Seq.R1.A.fastq	/gscmnt/gc2508/dinglab/estorrs/data/rnaediting/fastqs/C3N-01648.RNA-Seq.R2.A.fastq
/gscmnt/gc2508/dinglab/estorrs/data/rnaediting/fastqs/C3N-00169.RNA-Seq.R1.T.fastq	/gscmnt/gc2508/dinglab/estorrs/data/rnaediting/fastqs/C3N-00169.RNA-Seq.R2.T.fastq
/gscmnt/gc2508/dinglab/estorrs/data/rnaediting/fastqs/C3N-01524.RNA-Seq.R1.T.fastq	/gscmnt/gc2508/dinglab/estorrs/data/rnaediting/fastqs/C3N-01524.RNA-Seq.R2.T.fastq
/gscmnt/gc2508/dinglab/estorrs/data/rnaediting/fastqs/C3L-01890.RNA-Seq.R1.A.fastq	/gscmnt/gc2508/dinglab/estorrs/data/rnaediting/fastqs/C3L-01890.RNA-Seq.R2.A.fastq
/gscmnt/gc2508/dinglab/estorrs/data/rnaediting/fastqs/C3L-02365.RNA-Seq.R1.A.fastq	/gscmnt/gc2508/dinglab/estorrs/data/rnaediting/fastqs/C3L-02365.RNA-Seq.R2.A.fastq
/gscmnt/gc2508/dinglab/estorrs/data/rnaediting/fastqs/C3N-00738.RNA-Seq.R1.A.fastq	/gscmnt/gc2508/dinglab/estorrs/data/rnaediting/fastqs/C3N-00738.RNA-Seq.R2.A.fastq
/gscmnt/gc2508/dinglab/estorrs/data/rnaediting/fastqs/C3N-01176.RNA-Seq.R1.A.fastq	/gscmnt/gc2508/dinglab/estorrs/data/rnaediting/fastqs/C3N-01176.RNA-Seq.R2.A.fastq
/gscmnt/gc2508/dinglab/estorrs/data/rnaediting/fastqs/C3N-01823.RNA-Seq.R1.T.fastq	/gscmnt/gc2508/dinglab/estorrs/data/rnaediting/fastqs/C3N-01823.RNA-Seq.R2.T.fastq
/gscmnt/gc2508/dinglab/estorrs/data/rnaediting/fastqs/C3N-00244.RNA-Seq.R1.T.fastq	/gscmnt/gc2508/dinglab/estorrs/data/rnaediting/fastqs/C3N-00244.RNA-Seq.R2.T.fastq
/gscmnt/gc2508/dinglab/estorrs/data/rnaediting/fastqs/C3L-00416.RNA-Seq.R1.T.fastq	/gscmnt/gc2508/dinglab/estorrs/data/rnaediting/fastqs/C3L-00416.RNA-Seq.R2.T.fastq
/gscmnt/gc2508/dinglab/estorrs/data/rnaediting/fastqs/C3L-00279.RNA-Seq.R1.T.fastq	/gscmnt/gc2508/dinglab/estorrs/data/rnaediting/fastqs/C3L-00279.RNA-Seq.R2.T.fastq
/gscmnt/gc2508/dinglab/estorrs/data/rnaediting/fastqs/C3L-00902.RNA-Seq.R1.T.fastq	/gscmnt/gc2508/dinglab/estorrs/data/rnaediting/fastqs/C3L-00902.RNA-Seq.R2.T.fastq
/gscmnt/gc2508/dinglab/estorrs/data/rnaediting/fastqs/C3L-01281.RNA-Seq.R1.A.fastq	/gscmnt/gc2508/dinglab/estorrs/data/rnaediting/fastqs/C3L-01281.RNA-Seq.R2.A.fastq
/gscmnt/gc2508/dinglab/estorrs/data/rnaediting/fastqs/C3N-00737.RNA-Seq.R1.A.fastq	/gscmnt/gc2508/dinglab/estorrs/data/rnaediting/fastqs/C3N-00737.RNA-Seq.R2.A.fastq
/gscmnt/gc2508/dinglab/estorrs/data/rnaediting/fastqs/C3N-00556.RNA-Seq.R1.A.fastq	/gscmnt/gc2508/dinglab/estorrs/data/rnaediting/fastqs/C3N-00556.RNA-Seq.R2.A.fastq
/gscmnt/gc2508/dinglab/estorrs/data/rnaediting/fastqs/C3N-01175.RNA-Seq.R1.A.fastq	/gscmnt/gc2508/dinglab/estorrs/data/rnaediting/fastqs/C3N-01175.RNA-Seq.R2.A.fastq
/gscmnt/gc2508/dinglab/estorrs/data/rnaediting/fastqs/C3N-01410.RNA-Seq.R1.A.fastq	/gscmnt/gc2508/dinglab/estorrs/data/rnaediting/fastqs/C3N-01410.RNA-Seq.R2.A.fastq
/gscmnt/gc2508/dinglab/estorrs/data/rnaediting/fastqs/C3N-00549.RNA-Seq.R1.T.fastq	/gscmnt/gc2508/dinglab/estorrs/data/rnaediting/fastqs/C3N-00549.RNA-Seq.R2.T.fastq
/gscmnt/gc2508/dinglab/estorrs/data/rnaediting/fastqs/C3L-01313.RNA-Seq.R1.T.fastq	/gscmnt/gc2508/dinglab/estorrs/data/rnaediting/fastqs/C3L-01313.RNA-Seq.R2.T.fastq
/gscmnt/gc2508/dinglab/estorrs/data/rnaediting/fastqs/C3L-00010.RNA-Seq.R1.T.fastq	/gscmnt/gc2508/dinglab/estorrs/data/rnaediting/fastqs/C3L-00010.RNA-Seq.R2.T.fastq
/gscmnt/gc2508/dinglab/estorrs/data/rnaediting/fastqs/C3L-02606.RNA-Seq.R1.A.fastq	/gscmnt/gc2508/dinglab/estorrs/data/rnaediting/fastqs/C3L-02606.RNA-Seq.R2.A.fastq
/gscmnt/gc2508/dinglab/estorrs/data/rnaediting/fastqs/C3N-02087.RNA-Seq.R1.A.fastq	/gscmnt/gc2508/dinglab/estorrs/data/rnaediting/fastqs/C3N-02087.RNA-Seq.R2.A.fastq
/gscmnt/gc2508/dinglab/estorrs/data/rnaediting/fastqs/C3L-01287.RNA-Seq.R1.T.fastq	/gscmnt/gc2508/dinglab/estorrs/data/rnaediting/fastqs/C3L-01287.RNA-Seq.R2.T.fastq
/gscmnt/gc2508/dinglab/estorrs/data/rnaediting/fastqs/C3L-00640.RNA-Seq.R1.A.fastq	/gscmnt/gc2508/dinglab/estorrs/data/rnaediting/fastqs/C3L-00640.RNA-Seq.R2.A.fastq
/gscmnt/gc2508/dinglab/estorrs/data/rnaediting/fastqs/C3N-01023.RNA-Seq.R1.T.fastq	/gscmnt/gc2508/dinglab/estorrs/data/rnaediting/fastqs/C3N-01023.RNA-Seq.R2.T.fastq
/gscmnt/gc2508/dinglab/estorrs/data/rnaediting/fastqs/C3N-01220.RNA-Seq.R1.T.fastq	/gscmnt/gc2508/dinglab/estorrs/data/rnaediting/fastqs/C3N-01220.RNA-Seq.R2.T.fastq
/gscmnt/gc2508/dinglab/estorrs/data/rnaediting/fastqs/C3N-00517.RNA-Seq.R1.A.fastq	/gscmnt/gc2508/dinglab/estorrs/data/rnaediting/fastqs/C3N-00517.RNA-Seq.R2.A.fastq
/gscmnt/gc2508/dinglab/estorrs/data/rnaediting/fastqs/C3N-00547.RNA-Seq.R1.T.fastq	/gscmnt/gc2508/dinglab/estorrs/data/rnaediting/fastqs/C3N-00547.RNA-Seq.R2.T.fastq
/gscmnt/gc2508/dinglab/estorrs/data/rnaediting/fastqs/C3N-02587.RNA-Seq.R1.T.fastq	/gscmnt/gc2508/dinglab/estorrs/data/rnaediting/fastqs/C3N-02587.RNA-Seq.R2.T.fastq
/gscmnt/gc2508/dinglab/estorrs/data/rnaediting/fastqs/C3N-02572.RNA-Seq.R1.A.fastq	/gscmnt/gc2508/dinglab/estorrs/data/rnaediting/fastqs/C3N-02572.RNA-Seq.R2.A.fastq
/gscmnt/gc2508/dinglab/estorrs/data/rnaediting/fastqs/C3N-00518.RNA-Seq.R1.T.fastq	/gscmnt/gc2508/dinglab/estorrs/data/rnaediting/fastqs/C3N-00518.RNA-Seq.R2.T.fastq
/gscmnt/gc2508/dinglab/estorrs/data/rnaediting/fastqs/C3N-01405.RNA-Seq.R1.T.fastq	/gscmnt/gc2508/dinglab/estorrs/data/rnaediting/fastqs/C3N-01405.RNA-Seq.R2.T.fastq
/gscmnt/gc2508/dinglab/estorrs/data/rnaediting/fastqs/C3N-02421.RNA-Seq.R1.A.fastq	/gscmnt/gc2508/dinglab/estorrs/data/rnaediting/fastqs/C3N-02421.RNA-Seq.R2.A.fastq
/gscmnt/gc2508/dinglab/estorrs/data/rnaediting/fastqs/C3N-02089.RNA-Seq.R1.T.fastq	/gscmnt/gc2508/dinglab/estorrs/data/rnaediting/fastqs/C3N-02089.RNA-Seq.R2.T.fastq
/gscmnt/gc2508/dinglab/estorrs/data/rnaediting/fastqs/C3L-00017.RNA-Seq.R1.T.fastq	/gscmnt/gc2508/dinglab/estorrs/data/rnaediting/fastqs/C3L-00017.RNA-Seq.R2.T.fastq
/gscmnt/gc2508/dinglab/estorrs/data/rnaediting/fastqs/C3L-00932.RNA-Seq.R1.A.fastq	/gscmnt/gc2508/dinglab/estorrs/data/rnaediting/fastqs/C3L-00932.RNA-Seq.R2.A.fastq
/gscmnt/gc2508/dinglab/estorrs/data/rnaediting/fastqs/C3N-02149.RNA-Seq.R1.A.fastq	/gscmnt/gc2508/dinglab/estorrs/data/rnaediting/fastqs/C3N-02149.RNA-Seq.R2.A.fastq
/gscmnt/gc2508/dinglab/estorrs/data/rnaediting/fastqs/C3N-00168.RNA-Seq.R1.A.fastq	/gscmnt/gc2508/dinglab/estorrs/data/rnaediting/fastqs/C3N-00168.RNA-Seq.R2.A.fastq
/gscmnt/gc2508/dinglab/estorrs/data/rnaediting/fastqs/C3L-00601.RNA-Seq.R1.T.fastq	/gscmnt/gc2508/dinglab/estorrs/data/rnaediting/fastqs/C3L-00601.RNA-Seq.R2.T.fastq
/gscmnt/gc2508/dinglab/estorrs/data/rnaediting/fastqs/C3L-00908.RNA-Seq.R1.A.fastq	/gscmnt/gc2508/dinglab/estorrs/data/rnaediting/fastqs/C3L-00908.RNA-Seq.R2.A.fastq
/gscmnt/gc2508/dinglab/estorrs/data/rnaediting/fastqs/C3L-02348.RNA-Seq.R1.T.fastq	/gscmnt/gc2508/dinglab/estorrs/data/rnaediting/fastqs/C3L-02348.RNA-Seq.R2.T.fastq
/gscmnt/gc2508/dinglab/estorrs/data/rnaediting/fastqs/C3N-00198.RNA-Seq.R1.T.fastq	/gscmnt/gc2508/dinglab/estorrs/data/rnaediting/fastqs/C3N-00198.RNA-Seq.R2.T.fastq
/gscmnt/gc2508/dinglab/estorrs/data/rnaediting/fastqs/C3L-01889.RNA-Seq.R1.A.fastq	/gscmnt/gc2508/dinglab/estorrs/data/rnaediting/fastqs/C3L-01889.RNA-Seq.R2.A.fastq
/gscmnt/gc2508/dinglab/estorrs/data/rnaediting/fastqs/C3L-00010.RNA-Seq.R1.A.fastq	/gscmnt/gc2508/dinglab/estorrs/data/rnaediting/fastqs/C3L-00010.RNA-Seq.R2.A.fastq
/gscmnt/gc2508/dinglab/estorrs/data/rnaediting/fastqs/C3N-00545.RNA-Seq.R1.A.fastq	/gscmnt/gc2508/dinglab/estorrs/data/rnaediting/fastqs/C3N-00545.RNA-Seq.R2.A.fastq
/gscmnt/gc2508/dinglab/estorrs/data/rnaediting/fastqs/C3N-00552.RNA-Seq.R1.A.fastq	/gscmnt/gc2508/dinglab/estorrs/data/rnaediting/fastqs/C3N-00552.RNA-Seq.R2.A.fastq
/gscmnt/gc2508/dinglab/estorrs/data/rnaediting/fastqs/C3N-02423.RNA-Seq.R1.T.fastq	/gscmnt/gc2508/dinglab/estorrs/data/rnaediting/fastqs/C3N-02423.RNA-Seq.R2.T.fastq
/gscmnt/gc2508/dinglab/estorrs/data/rnaediting/fastqs/C3L-01286.RNA-Seq.R1.T.fastq	/gscmnt/gc2508/dinglab/estorrs/data/rnaediting/fastqs/C3L-01286.RNA-Seq.R2.T.fastq
/gscmnt/gc2508/dinglab/estorrs/data/rnaediting/fastqs/C3L-02345.RNA-Seq.R1.A.fastq	/gscmnt/gc2508/dinglab/estorrs/data/rnaediting/fastqs/C3L-02345.RNA-Seq.R2.A.fastq
/gscmnt/gc2508/dinglab/estorrs/data/rnaediting/fastqs/C3L-00395.RNA-Seq.R1.A.fastq	/gscmnt/gc2508/dinglab/estorrs/data/rnaediting/fastqs/C3L-00395.RNA-Seq.R2.A.fastq
/gscmnt/gc2508/dinglab/estorrs/data/rnaediting/fastqs/C3L-00097.RNA-Seq.R1.T.fastq	/gscmnt/gc2508/dinglab/estorrs/data/rnaediting/fastqs/C3L-00097.RNA-Seq.R2.T.fastq
/gscmnt/gc2508/dinglab/estorrs/data/rnaediting/fastqs/C3L-00510.RNA-Seq.R1.T.fastq	/gscmnt/gc2508/dinglab/estorrs/data/rnaediting/fastqs/C3L-00510.RNA-Seq.R2.T.fastq
/gscmnt/gc2508/dinglab/estorrs/data/rnaediting/fastqs/C3L-01311.RNA-Seq.R1.T.fastq	/gscmnt/gc2508/dinglab/estorrs/data/rnaediting/fastqs/C3L-01311.RNA-Seq.R2.T.fastq
/gscmnt/gc2508/dinglab/estorrs/data/rnaediting/fastqs/C3L-01282.RNA-Seq.R1.T.fastq	/gscmnt/gc2508/dinglab/estorrs/data/rnaediting/fastqs/C3L-01282.RNA-Seq.R2.T.fastq
/gscmnt/gc2508/dinglab/estorrs/data/rnaediting/fastqs/C3L-00360.RNA-Seq.R1.A.fastq	/gscmnt/gc2508/dinglab/estorrs/data/rnaediting/fastqs/C3L-00360.RNA-Seq.R2.A.fastq
/gscmnt/gc2508/dinglab/estorrs/data/rnaediting/fastqs/C3L-00973.RNA-Seq.R1.T.fastq	/gscmnt/gc2508/dinglab/estorrs/data/rnaediting/fastqs/C3L-00973.RNA-Seq.R2.T.fastq
/gscmnt/gc2508/dinglab/estorrs/data/rnaediting/fastqs/C3L-01632.RNA-Seq.R1.A.fastq	/gscmnt/gc2508/dinglab/estorrs/data/rnaediting/fastqs/C3L-01632.RNA-Seq.R2.A.fastq
/gscmnt/gc2508/dinglab/estorrs/data/rnaediting/fastqs/C3L-00263.RNA-Seq.R1.A.fastq	/gscmnt/gc2508/dinglab/estorrs/data/rnaediting/fastqs/C3L-00263.RNA-Seq.R2.A.fastq
/gscmnt/gc2508/dinglab/estorrs/data/rnaediting/fastqs/C3N-02586.RNA-Seq.R1.A.fastq	/gscmnt/gc2508/dinglab/estorrs/data/rnaediting/fastqs/C3N-02586.RNA-Seq.R2.A.fastq
/gscmnt/gc2508/dinglab/estorrs/data/rnaediting/fastqs/C3N-00577.RNA-Seq.R1.T.fastq	/gscmnt/gc2508/dinglab/estorrs/data/rnaediting/fastqs/C3N-00577.RNA-Seq.R2.T.fastq
/gscmnt/gc2508/dinglab/estorrs/data/rnaediting/fastqs/C3L-00510.RNA-Seq.R1.A.fastq	/gscmnt/gc2508/dinglab/estorrs/data/rnaediting/fastqs/C3L-00510.RNA-Seq.R2.A.fastq
/gscmnt/gc2508/dinglab/estorrs/data/rnaediting/fastqs/C3L-02365.RNA-Seq.R1.T.fastq	/gscmnt/gc2508/dinglab/estorrs/data/rnaediting/fastqs/C3L-02365.RNA-Seq.R2.T.fastq
/gscmnt/gc2508/dinglab/estorrs/data/rnaediting/fastqs/C3L-00009.RNA-Seq.R1.T.fastq	/gscmnt/gc2508/dinglab/estorrs/data/rnaediting/fastqs/C3L-00009.RNA-Seq.R2.T.fastq
/gscmnt/gc2508/dinglab/estorrs/data/rnaediting/fastqs/C3N-01489.RNA-Seq.R1.T.fastq	/gscmnt/gc2508/dinglab/estorrs/data/rnaediting/fastqs/C3N-01489.RNA-Seq.R2.T.fastq
/gscmnt/gc2508/dinglab/estorrs/data/rnaediting/fastqs/C3N-01030.RNA-Seq.R1.A.fastq	/gscmnt/gc2508/dinglab/estorrs/data/rnaediting/fastqs/C3N-01030.RNA-Seq.R2.A.fastq
/gscmnt/gc2508/dinglab/estorrs/data/rnaediting/fastqs/C3L-02463.RNA-Seq.R1.A.fastq	/gscmnt/gc2508/dinglab/estorrs/data/rnaediting/fastqs/C3L-02463.RNA-Seq.R2.A.fastq
/gscmnt/gc2508/dinglab/estorrs/data/rnaediting/fastqs/C3N-01200.RNA-Seq.R1.T.fastq	/gscmnt/gc2508/dinglab/estorrs/data/rnaediting/fastqs/C3N-01200.RNA-Seq.R2.T.fastq
/gscmnt/gc2508/dinglab/estorrs/data/rnaediting/fastqs/C3L-01311.RNA-Seq.R1.A.fastq	/gscmnt/gc2508/dinglab/estorrs/data/rnaediting/fastqs/C3L-01311.RNA-Seq.R2.A.fastq
/gscmnt/gc2508/dinglab/estorrs/data/rnaediting/fastqs/C3L-01282.RNA-Seq.R1.A.fastq	/gscmnt/gc2508/dinglab/estorrs/data/rnaediting/fastqs/C3L-01282.RNA-Seq.R2.A.fastq
/gscmnt/gc2508/dinglab/estorrs/data/rnaediting/fastqs/C3N-01648.RNA-Seq.R1.T.fastq	/gscmnt/gc2508/dinglab/estorrs/data/rnaediting/fastqs/C3N-01648.RNA-Seq.R2.T.fastq
/gscmnt/gc2508/dinglab/estorrs/data/rnaediting/fastqs/C3N-01024.RNA-Seq.R1.A.fastq	/gscmnt/gc2508/dinglab/estorrs/data/rnaediting/fastqs/C3N-01024.RNA-Seq.R2.A.fastq
/gscmnt/gc2508/dinglab/estorrs/data/rnaediting/fastqs/C3N-00550.RNA-Seq.R1.T.fastq	/gscmnt/gc2508/dinglab/estorrs/data/rnaediting/fastqs/C3N-00550.RNA-Seq.R2.T.fastq
/gscmnt/gc2508/dinglab/estorrs/data/rnaediting/fastqs/C3N-00177.RNA-Seq.R1.A.fastq	/gscmnt/gc2508/dinglab/estorrs/data/rnaediting/fastqs/C3N-00177.RNA-Seq.R2.A.fastq
/gscmnt/gc2508/dinglab/estorrs/data/rnaediting/fastqs/C3L-01603.RNA-Seq.R1.T.fastq	/gscmnt/gc2508/dinglab/estorrs/data/rnaediting/fastqs/C3L-01603.RNA-Seq.R2.T.fastq
/gscmnt/gc2508/dinglab/estorrs/data/rnaediting/fastqs/C3N-00547.RNA-Seq.R1.A.fastq	/gscmnt/gc2508/dinglab/estorrs/data/rnaediting/fastqs/C3N-00547.RNA-Seq.R2.A.fastq
/gscmnt/gc2508/dinglab/estorrs/data/rnaediting/fastqs/C3N-01021.RNA-Seq.R1.A.fastq	/gscmnt/gc2508/dinglab/estorrs/data/rnaediting/fastqs/C3N-01021.RNA-Seq.R2.A.fastq
/gscmnt/gc2508/dinglab/estorrs/data/rnaediting/fastqs/C3L-00907.RNA-Seq.R1.T.fastq	/gscmnt/gc2508/dinglab/estorrs/data/rnaediting/fastqs/C3L-00907.RNA-Seq.R2.T.fastq
/gscmnt/gc2508/dinglab/estorrs/data/rnaediting/fastqs/C3N-00578.RNA-Seq.R1.T.fastq	/gscmnt/gc2508/dinglab/estorrs/data/rnaediting/fastqs/C3N-00578.RNA-Seq.R2.T.fastq
/gscmnt/gc2508/dinglab/estorrs/data/rnaediting/fastqs/C3N-00148.RNA-Seq.R1.T.fastq	/gscmnt/gc2508/dinglab/estorrs/data/rnaediting/fastqs/C3N-00148.RNA-Seq.R2.T.fastq
/gscmnt/gc2508/dinglab/estorrs/data/rnaediting/fastqs/C3N-00310.RNA-Seq.R1.T.fastq	/gscmnt/gc2508/dinglab/estorrs/data/rnaediting/fastqs/C3N-00310.RNA-Seq.R2.T.fastq
/gscmnt/gc2508/dinglab/estorrs/data/rnaediting/fastqs/C3L-00011.RNA-Seq.R1.T.fastq	/gscmnt/gc2508/dinglab/estorrs/data/rnaediting/fastqs/C3L-00011.RNA-Seq.R2.T.fastq
/gscmnt/gc2508/dinglab/estorrs/data/rnaediting/fastqs/C3L-01689.RNA-Seq.R1.T.fastq	/gscmnt/gc2508/dinglab/estorrs/data/rnaediting/fastqs/C3L-01689.RNA-Seq.R2.T.fastq
/gscmnt/gc2508/dinglab/estorrs/data/rnaediting/fastqs/C3N-00310.RNA-Seq.R1.A.fastq	/gscmnt/gc2508/dinglab/estorrs/data/rnaediting/fastqs/C3N-00310.RNA-Seq.R2.A.fastq
/gscmnt/gc2508/dinglab/estorrs/data/rnaediting/fastqs/C3L-02219.RNA-Seq.R1.A.fastq	/gscmnt/gc2508/dinglab/estorrs/data/rnaediting/fastqs/C3L-02219.RNA-Seq.R2.A.fastq
/gscmnt/gc2508/dinglab/estorrs/data/rnaediting/fastqs/C3L-00819.RNA-Seq.R1.T.fastq	/gscmnt/gc2508/dinglab/estorrs/data/rnaediting/fastqs/C3L-00819.RNA-Seq.R2.T.fastq
/gscmnt/gc2508/dinglab/estorrs/data/rnaediting/fastqs/C3L-01924.RNA-Seq.R1.A.fastq	/gscmnt/gc2508/dinglab/estorrs/data/rnaediting/fastqs/C3L-01924.RNA-Seq.R2.A.fastq
/gscmnt/gc2508/dinglab/estorrs/data/rnaediting/fastqs/C3L-00422.RNA-Seq.R1.A.fastq	/gscmnt/gc2508/dinglab/estorrs/data/rnaediting/fastqs/C3L-00422.RNA-Seq.R2.A.fastq
/gscmnt/gc2508/dinglab/estorrs/data/rnaediting/fastqs/C3N-00733.RNA-Seq.R1.A.fastq	/gscmnt/gc2508/dinglab/estorrs/data/rnaediting/fastqs/C3N-00733.RNA-Seq.R2.A.fastq
/gscmnt/gc2508/dinglab/estorrs/data/rnaediting/fastqs/C3N-02155.RNA-Seq.R1.T.fastq	/gscmnt/gc2508/dinglab/estorrs/data/rnaediting/fastqs/C3N-02155.RNA-Seq.R2.T.fastq
/gscmnt/gc2508/dinglab/estorrs/data/rnaediting/fastqs/C3N-01003.RNA-Seq.R1.A.fastq	/gscmnt/gc2508/dinglab/estorrs/data/rnaediting/fastqs/C3N-01003.RNA-Seq.R2.A.fastq
/gscmnt/gc2508/dinglab/estorrs/data/rnaediting/fastqs/C3N-00866.RNA-Seq.R1.A.fastq	/gscmnt/gc2508/dinglab/estorrs/data/rnaediting/fastqs/C3N-00866.RNA-Seq.R2.A.fastq
/gscmnt/gc2508/dinglab/estorrs/data/rnaediting/fastqs/C3L-01307.RNA-Seq.R1.A.fastq	/gscmnt/gc2508/dinglab/estorrs/data/rnaediting/fastqs/C3L-01307.RNA-Seq.R2.A.fastq
/gscmnt/gc2508/dinglab/estorrs/data/rnaediting/fastqs/C3N-00858.RNA-Seq.R1.T.fastq	/gscmnt/gc2508/dinglab/estorrs/data/rnaediting/fastqs/C3N-00858.RNA-Seq.R2.T.fastq
/gscmnt/gc2508/dinglab/estorrs/data/rnaediting/fastqs/C3L-01286.RNA-Seq.R1.A.fastq	/gscmnt/gc2508/dinglab/estorrs/data/rnaediting/fastqs/C3L-01286.RNA-Seq.R2.A.fastq
/gscmnt/gc2508/dinglab/estorrs/data/rnaediting/fastqs/C3N-00579.RNA-Seq.R1.A.fastq	/gscmnt/gc2508/dinglab/estorrs/data/rnaediting/fastqs/C3N-00579.RNA-Seq.R2.A.fastq
/gscmnt/gc2508/dinglab/estorrs/data/rnaediting/fastqs/C3L-01330.RNA-Seq.R1.A.fastq	/gscmnt/gc2508/dinglab/estorrs/data/rnaediting/fastqs/C3L-01330.RNA-Seq.R2.A.fastq
/gscmnt/gc2508/dinglab/estorrs/data/rnaediting/fastqs/C3N-00148.RNA-Seq.R1.A.fastq	/gscmnt/gc2508/dinglab/estorrs/data/rnaediting/fastqs/C3N-00148.RNA-Seq.R2.A.fastq
/gscmnt/gc2508/dinglab/estorrs/data/rnaediting/fastqs/C3N-00314.RNA-Seq.R1.T.fastq	/gscmnt/gc2508/dinglab/estorrs/data/rnaediting/fastqs/C3N-00314.RNA-Seq.R2.T.fastq
/gscmnt/gc2508/dinglab/estorrs/data/rnaediting/fastqs/C3N-00646.RNA-Seq.R1.T.fastq	/gscmnt/gc2508/dinglab/estorrs/data/rnaediting/fastqs/C3N-00646.RNA-Seq.R2.T.fastq
/gscmnt/gc2508/dinglab/estorrs/data/rnaediting/fastqs/C3L-02613.RNA-Seq.R1.A.fastq	/gscmnt/gc2508/dinglab/estorrs/data/rnaediting/fastqs/C3L-02613.RNA-Seq.R2.A.fastq
/gscmnt/gc2508/dinglab/estorrs/data/rnaediting/fastqs/C3N-00954.RNA-Seq.R1.T.fastq	/gscmnt/gc2508/dinglab/estorrs/data/rnaediting/fastqs/C3N-00954.RNA-Seq.R2.T.fastq
/gscmnt/gc2508/dinglab/estorrs/data/rnaediting/fastqs/C3L-00447.RNA-Seq.R1.A.fastq	/gscmnt/gc2508/dinglab/estorrs/data/rnaediting/fastqs/C3L-00447.RNA-Seq.R2.A.fastq
/gscmnt/gc2508/dinglab/estorrs/data/rnaediting/fastqs/C3L-01703.RNA-Seq.R1.A.fastq	/gscmnt/gc2508/dinglab/estorrs/data/rnaediting/fastqs/C3L-01703.RNA-Seq.R2.A.fastq
/gscmnt/gc2508/dinglab/estorrs/data/rnaediting/fastqs/C3L-00009.RNA-Seq.R1.A.fastq	/gscmnt/gc2508/dinglab/estorrs/data/rnaediting/fastqs/C3L-00009.RNA-Seq.R2.A.fastq
/gscmnt/gc2508/dinglab/estorrs/data/rnaediting/fastqs/C3L-01703.RNA-Seq.R1.T.fastq	/gscmnt/gc2508/dinglab/estorrs/data/rnaediting/fastqs/C3L-01703.RNA-Seq.R2.T.fastq
/gscmnt/gc2508/dinglab/estorrs/data/rnaediting/fastqs/C3N-01030.RNA-Seq.R1.T.fastq	/gscmnt/gc2508/dinglab/estorrs/data/rnaediting/fastqs/C3N-01030.RNA-Seq.R2.T.fastq
/gscmnt/gc2508/dinglab/estorrs/data/rnaediting/fastqs/C3N-01214.RNA-Seq.R1.T.fastq	/gscmnt/gc2508/dinglab/estorrs/data/rnaediting/fastqs/C3N-01214.RNA-Seq.R2.T.fastq
/gscmnt/gc2508/dinglab/estorrs/data/rnaediting/fastqs/C3N-00834.RNA-Seq.R1.T.fastq	/gscmnt/gc2508/dinglab/estorrs/data/rnaediting/fastqs/C3N-00834.RNA-Seq.R2.T.fastq
/gscmnt/gc2508/dinglab/estorrs/data/rnaediting/fastqs/C3L-00910.RNA-Seq.R1.A.fastq	/gscmnt/gc2508/dinglab/estorrs/data/rnaediting/fastqs/C3L-00910.RNA-Seq.R2.A.fastq
/gscmnt/gc2508/dinglab/estorrs/data/rnaediting/fastqs/C3N-00242.RNA-Seq.R1.T.fastq	/gscmnt/gc2508/dinglab/estorrs/data/rnaediting/fastqs/C3N-00242.RNA-Seq.R2.T.fastq
/gscmnt/gc2508/dinglab/estorrs/data/rnaediting/fastqs/C3N-00551.RNA-Seq.R1.T.fastq	/gscmnt/gc2508/dinglab/estorrs/data/rnaediting/fastqs/C3N-00551.RNA-Seq.R2.T.fastq
/gscmnt/gc2508/dinglab/estorrs/data/rnaediting/fastqs/C3N-00646.RNA-Seq.R1.A.fastq	/gscmnt/gc2508/dinglab/estorrs/data/rnaediting/fastqs/C3N-00646.RNA-Seq.R2.A.fastq
/gscmnt/gc2508/dinglab/estorrs/data/rnaediting/fastqs/C3L-00561.RNA-Seq.R1.A.fastq	/gscmnt/gc2508/dinglab/estorrs/data/rnaediting/fastqs/C3L-00561.RNA-Seq.R2.A.fastq
/gscmnt/gc2508/dinglab/estorrs/data/rnaediting/fastqs/C3N-00494.RNA-Seq.R1.A.fastq	/gscmnt/gc2508/dinglab/estorrs/data/rnaediting/fastqs/C3N-00494.RNA-Seq.R2.A.fastq
/gscmnt/gc2508/dinglab/estorrs/data/rnaediting/fastqs/C3L-00622.RNA-Seq.R1.T.fastq	/gscmnt/gc2508/dinglab/estorrs/data/rnaediting/fastqs/C3L-00622.RNA-Seq.R2.T.fastq
/gscmnt/gc2508/dinglab/estorrs/data/rnaediting/fastqs/C3N-01179.RNA-Seq.R1.T.fastq	/gscmnt/gc2508/dinglab/estorrs/data/rnaediting/fastqs/C3N-01179.RNA-Seq.R2.T.fastq
/gscmnt/gc2508/dinglab/estorrs/data/rnaediting/fastqs/C3L-00140.RNA-Seq.R1.T.fastq	/gscmnt/gc2508/dinglab/estorrs/data/rnaediting/fastqs/C3L-00140.RNA-Seq.R2.T.fastq
/gscmnt/gc2508/dinglab/estorrs/data/rnaediting/fastqs/C3N-00495.RNA-Seq.R1.A.fastq	/gscmnt/gc2508/dinglab/estorrs/data/rnaediting/fastqs/C3N-00495.RNA-Seq.R2.A.fastq
/gscmnt/gc2508/dinglab/estorrs/data/rnaediting/fastqs/C3L-01302.RNA-Seq.R1.A.fastq	/gscmnt/gc2508/dinglab/estorrs/data/rnaediting/fastqs/C3L-01302.RNA-Seq.R2.A.fastq
/gscmnt/gc2508/dinglab/estorrs/data/rnaediting/fastqs/C3L-00606.RNA-Seq.R1.T.fastq	/gscmnt/gc2508/dinglab/estorrs/data/rnaediting/fastqs/C3L-00606.RNA-Seq.R2.T.fastq
/gscmnt/gc2508/dinglab/estorrs/data/rnaediting/fastqs/C3N-00858.RNA-Seq.R1.A.fastq	/gscmnt/gc2508/dinglab/estorrs/data/rnaediting/fastqs/C3N-00858.RNA-Seq.R2.A.fastq
/gscmnt/gc2508/dinglab/estorrs/data/rnaediting/fastqs/C3L-00103.RNA-Seq.R1.T.fastq	/gscmnt/gc2508/dinglab/estorrs/data/rnaediting/fastqs/C3L-00103.RNA-Seq.R2.T.fastq
/gscmnt/gc2508/dinglab/estorrs/data/rnaediting/fastqs/C3L-00094.RNA-Seq.R1.A.fastq	/gscmnt/gc2508/dinglab/estorrs/data/rnaediting/fastqs/C3L-00094.RNA-Seq.R2.A.fastq
/gscmnt/gc2508/dinglab/estorrs/data/rnaediting/fastqs/C3N-01413.RNA-Seq.R1.A.fastq	/gscmnt/gc2508/dinglab/estorrs/data/rnaediting/fastqs/C3N-01413.RNA-Seq.R2.A.fastq
/gscmnt/gc2508/dinglab/estorrs/data/rnaediting/fastqs/C3N-01413.RNA-Seq.R1.T.fastq	/gscmnt/gc2508/dinglab/estorrs/data/rnaediting/fastqs/C3N-01413.RNA-Seq.R2.T.fastq
/gscmnt/gc2508/dinglab/estorrs/data/rnaediting/fastqs/C3N-00559.RNA-Seq.R1.T.fastq	/gscmnt/gc2508/dinglab/estorrs/data/rnaediting/fastqs/C3N-00559.RNA-Seq.R2.T.fastq
/gscmnt/gc2508/dinglab/estorrs/data/rnaediting/fastqs/C3L-01607.RNA-Seq.R1.A.fastq	/gscmnt/gc2508/dinglab/estorrs/data/rnaediting/fastqs/C3L-01607.RNA-Seq.R2.A.fastq
/gscmnt/gc2508/dinglab/estorrs/data/rnaediting/fastqs/C3N-00737.RNA-Seq.R1.T.fastq	/gscmnt/gc2508/dinglab/estorrs/data/rnaediting/fastqs/C3N-00737.RNA-Seq.R2.T.fastq
/gscmnt/gc2508/dinglab/estorrs/data/rnaediting/fastqs/C3N-00180.RNA-Seq.R1.T.fastq	/gscmnt/gc2508/dinglab/estorrs/data/rnaediting/fastqs/C3N-00180.RNA-Seq.R2.T.fastq
/gscmnt/gc2508/dinglab/estorrs/data/rnaediting/fastqs/C3L-01304.RNA-Seq.R1.T.fastq	/gscmnt/gc2508/dinglab/estorrs/data/rnaediting/fastqs/C3L-01304.RNA-Seq.R2.T.fastq
/gscmnt/gc2508/dinglab/estorrs/data/rnaediting/fastqs/C3L-00589.RNA-Seq.R1.A.fastq	/gscmnt/gc2508/dinglab/estorrs/data/rnaediting/fastqs/C3L-00589.RNA-Seq.R2.A.fastq
/gscmnt/gc2508/dinglab/estorrs/data/rnaediting/fastqs/C3N-01808.RNA-Seq.R1.T.fastq	/gscmnt/gc2508/dinglab/estorrs/data/rnaediting/fastqs/C3N-01808.RNA-Seq.R2.T.fastq
/gscmnt/gc2508/dinglab/estorrs/data/rnaediting/fastqs/C3N-01646.RNA-Seq.R1.T.fastq	/gscmnt/gc2508/dinglab/estorrs/data/rnaediting/fastqs/C3N-01646.RNA-Seq.R2.T.fastq
/gscmnt/gc2508/dinglab/estorrs/data/rnaediting/fastqs/C3L-00640.RNA-Seq.R1.T.fastq	/gscmnt/gc2508/dinglab/estorrs/data/rnaediting/fastqs/C3L-00640.RNA-Seq.R2.T.fastq
/gscmnt/gc2508/dinglab/estorrs/data/rnaediting/fastqs/C3L-01632.RNA-Seq.R1.T.fastq	/gscmnt/gc2508/dinglab/estorrs/data/rnaediting/fastqs/C3L-01632.RNA-Seq.R2.T.fastq
/gscmnt/gc2508/dinglab/estorrs/data/rnaediting/fastqs/C3L-01302.RNA-Seq.R1.T.fastq	/gscmnt/gc2508/dinglab/estorrs/data/rnaediting/fastqs/C3L-01302.RNA-Seq.R2.T.fastq
/gscmnt/gc2508/dinglab/estorrs/data/rnaediting/fastqs/C3N-00149.RNA-Seq.R1.T.fastq	/gscmnt/gc2508/dinglab/estorrs/data/rnaediting/fastqs/C3N-00149.RNA-Seq.R2.T.fastq
/gscmnt/gc2508/dinglab/estorrs/data/rnaediting/fastqs/C3L-02350.RNA-Seq.R1.A.fastq	/gscmnt/gc2508/dinglab/estorrs/data/rnaediting/fastqs/C3L-02350.RNA-Seq.R2.A.fastq
/gscmnt/gc2508/dinglab/estorrs/data/rnaediting/fastqs/C3N-00223.RNA-Seq.R1.T.fastq	/gscmnt/gc2508/dinglab/estorrs/data/rnaediting/fastqs/C3N-00223.RNA-Seq.R2.T.fastq
/gscmnt/gc2508/dinglab/estorrs/data/rnaediting/fastqs/C3N-01346.RNA-Seq.R1.T.fastq	/gscmnt/gc2508/dinglab/estorrs/data/rnaediting/fastqs/C3N-01346.RNA-Seq.R2.T.fastq
/gscmnt/gc2508/dinglab/estorrs/data/rnaediting/fastqs/C3N-01488.RNA-Seq.R1.T.fastq	/gscmnt/gc2508/dinglab/estorrs/data/rnaediting/fastqs/C3N-01488.RNA-Seq.R2.T.fastq
/gscmnt/gc2508/dinglab/estorrs/data/rnaediting/fastqs/C3L-00026.RNA-Seq.R1.T.fastq	/gscmnt/gc2508/dinglab/estorrs/data/rnaediting/fastqs/C3L-00026.RNA-Seq.R2.T.fastq
/gscmnt/gc2508/dinglab/estorrs/data/rnaediting/fastqs/C3L-02610.RNA-Seq.R1.T.fastq	/gscmnt/gc2508/dinglab/estorrs/data/rnaediting/fastqs/C3L-02610.RNA-Seq.R2.T.fastq
/gscmnt/gc2508/dinglab/estorrs/data/rnaediting/fastqs/C3L-00093.RNA-Seq.R1.T.fastq	/gscmnt/gc2508/dinglab/estorrs/data/rnaediting/fastqs/C3L-00093.RNA-Seq.R2.T.fastq
/gscmnt/gc2508/dinglab/estorrs/data/rnaediting/fastqs/C3N-00194.RNA-Seq.R1.T.fastq	/gscmnt/gc2508/dinglab/estorrs/data/rnaediting/fastqs/C3N-00194.RNA-Seq.R2.T.fastq
/gscmnt/gc2508/dinglab/estorrs/data/rnaediting/fastqs/C3N-02582.RNA-Seq.R1.T.fastq	/gscmnt/gc2508/dinglab/estorrs/data/rnaediting/fastqs/C3N-02582.RNA-Seq.R2.T.fastq
/gscmnt/gc2508/dinglab/estorrs/data/rnaediting/fastqs/C3N-01072.RNA-Seq.R1.A.fastq	/gscmnt/gc2508/dinglab/estorrs/data/rnaediting/fastqs/C3N-01072.RNA-Seq.R2.A.fastq
/gscmnt/gc2508/dinglab/estorrs/data/rnaediting/fastqs/C3L-02350.RNA-Seq.R1.T.fastq	/gscmnt/gc2508/dinglab/estorrs/data/rnaediting/fastqs/C3L-02350.RNA-Seq.R2.T.fastq
/gscmnt/gc2508/dinglab/estorrs/data/rnaediting/fastqs/C3N-01799.RNA-Seq.R1.A.fastq	/gscmnt/gc2508/dinglab/estorrs/data/rnaediting/fastqs/C3N-01799.RNA-Seq.R2.A.fastq
/gscmnt/gc2508/dinglab/estorrs/data/rnaediting/fastqs/C3N-01176.RNA-Seq.R1.T.fastq	/gscmnt/gc2508/dinglab/estorrs/data/rnaediting/fastqs/C3N-01176.RNA-Seq.R2.T.fastq
/gscmnt/gc2508/dinglab/estorrs/data/rnaediting/fastqs/C3L-00017.RNA-Seq.R1.A.fastq	/gscmnt/gc2508/dinglab/estorrs/data/rnaediting/fastqs/C3L-00017.RNA-Seq.R2.A.fastq
/gscmnt/gc2508/dinglab/estorrs/data/rnaediting/fastqs/C3N-00177.RNA-Seq.R1.T.fastq	/gscmnt/gc2508/dinglab/estorrs/data/rnaediting/fastqs/C3N-00177.RNA-Seq.R2.T.fastq
/gscmnt/gc2508/dinglab/estorrs/data/rnaediting/fastqs/C3N-00433.RNA-Seq.R1.T.fastq	/gscmnt/gc2508/dinglab/estorrs/data/rnaediting/fastqs/C3N-00433.RNA-Seq.R2.T.fastq
/gscmnt/gc2508/dinglab/estorrs/data/rnaediting/fastqs/C3L-00910.RNA-Seq.R1.T.fastq	/gscmnt/gc2508/dinglab/estorrs/data/rnaediting/fastqs/C3L-00910.RNA-Seq.R2.T.fastq
/gscmnt/gc2508/dinglab/estorrs/data/rnaediting/fastqs/C3N-00169.RNA-Seq.R1.A.fastq	/gscmnt/gc2508/dinglab/estorrs/data/rnaediting/fastqs/C3N-00169.RNA-Seq.R2.A.fastq
/gscmnt/gc2508/dinglab/estorrs/data/rnaediting/fastqs/C3L-00093.RNA-Seq.R1.A.fastq	/gscmnt/gc2508/dinglab/estorrs/data/rnaediting/fastqs/C3L-00093.RNA-Seq.R2.A.fastq
/gscmnt/gc2508/dinglab/estorrs/data/rnaediting/fastqs/C3L-00412.RNA-Seq.R1.A.fastq	/gscmnt/gc2508/dinglab/estorrs/data/rnaediting/fastqs/C3L-00412.RNA-Seq.R2.A.fastq
/gscmnt/gc2508/dinglab/estorrs/data/rnaediting/fastqs/C3N-01799.RNA-Seq.R1.T.fastq	/gscmnt/gc2508/dinglab/estorrs/data/rnaediting/fastqs/C3N-01799.RNA-Seq.R2.T.fastq
/gscmnt/gc2508/dinglab/estorrs/data/rnaediting/fastqs/C3N-00199.RNA-Seq.R1.T.fastq	/gscmnt/gc2508/dinglab/estorrs/data/rnaediting/fastqs/C3N-00199.RNA-Seq.R2.T.fastq
/gscmnt/gc2508/dinglab/estorrs/data/rnaediting/fastqs/C3N-02588.RNA-Seq.R1.T.fastq	/gscmnt/gc2508/dinglab/estorrs/data/rnaediting/fastqs/C3N-02588.RNA-Seq.R2.T.fastq
/gscmnt/gc2508/dinglab/estorrs/data/rnaediting/fastqs/C3L-00583.RNA-Seq.R1.T.fastq	/gscmnt/gc2508/dinglab/estorrs/data/rnaediting/fastqs/C3L-00583.RNA-Seq.R2.T.fastq
/gscmnt/gc2508/dinglab/estorrs/data/rnaediting/fastqs/C3N-01489.RNA-Seq.R1.A.fastq	/gscmnt/gc2508/dinglab/estorrs/data/rnaediting/fastqs/C3N-01489.RNA-Seq.R2.A.fastq
/gscmnt/gc2508/dinglab/estorrs/data/rnaediting/fastqs/C3L-00583.RNA-Seq.R1.A.fastq	/gscmnt/gc2508/dinglab/estorrs/data/rnaediting/fastqs/C3L-00583.RNA-Seq.R2.A.fastq
/gscmnt/gc2508/dinglab/estorrs/data/rnaediting/fastqs/C3L-00083.RNA-Seq.R1.A.fastq	/gscmnt/gc2508/dinglab/estorrs/data/rnaediting/fastqs/C3L-00083.RNA-Seq.R2.A.fastq
/gscmnt/gc2508/dinglab/estorrs/data/rnaediting/fastqs/C3N-01651.RNA-Seq.R1.A.fastq	/gscmnt/gc2508/dinglab/estorrs/data/rnaediting/fastqs/C3N-01651.RNA-Seq.R2.A.fastq
/gscmnt/gc2508/dinglab/estorrs/data/rnaediting/fastqs/C3N-00577.RNA-Seq.R1.A.fastq	/gscmnt/gc2508/dinglab/estorrs/data/rnaediting/fastqs/C3N-00577.RNA-Seq.R2.A.fastq
/gscmnt/gc2508/dinglab/estorrs/data/rnaediting/fastqs/C3N-00560.RNA-Seq.R1.T.fastq	/gscmnt/gc2508/dinglab/estorrs/data/rnaediting/fastqs/C3N-00560.RNA-Seq.R2.T.fastq
/gscmnt/gc2508/dinglab/estorrs/data/rnaediting/fastqs/C3N-02379.RNA-Seq.R1.T.fastq	/gscmnt/gc2508/dinglab/estorrs/data/rnaediting/fastqs/C3N-02379.RNA-Seq.R2.T.fastq
/gscmnt/gc2508/dinglab/estorrs/data/rnaediting/fastqs/C3N-00203.RNA-Seq.R1.A.fastq	/gscmnt/gc2508/dinglab/estorrs/data/rnaediting/fastqs/C3N-00203.RNA-Seq.R2.A.fastq
/gscmnt/gc2508/dinglab/estorrs/data/rnaediting/fastqs/C3L-00368.RNA-Seq.R1.T.fastq	/gscmnt/gc2508/dinglab/estorrs/data/rnaediting/fastqs/C3L-00368.RNA-Seq.R2.T.fastq
/gscmnt/gc2508/dinglab/estorrs/data/rnaediting/fastqs/C3L-02610.RNA-Seq.R1.A.fastq	/gscmnt/gc2508/dinglab/estorrs/data/rnaediting/fastqs/C3L-02610.RNA-Seq.R2.A.fastq
/gscmnt/gc2508/dinglab/estorrs/data/rnaediting/fastqs/C3L-00447.RNA-Seq.R1.T.fastq	/gscmnt/gc2508/dinglab/estorrs/data/rnaediting/fastqs/C3L-00447.RNA-Seq.R2.T.fastq
/gscmnt/gc2508/dinglab/estorrs/data/rnaediting/fastqs/C3N-00551.RNA-Seq.R1.A.fastq	/gscmnt/gc2508/dinglab/estorrs/data/rnaediting/fastqs/C3N-00551.RNA-Seq.R2.A.fastq
/gscmnt/gc2508/dinglab/estorrs/data/rnaediting/fastqs/C3N-02067.RNA-Seq.R1.T.fastq	/gscmnt/gc2508/dinglab/estorrs/data/rnaediting/fastqs/C3N-02067.RNA-Seq.R2.T.fastq
/gscmnt/gc2508/dinglab/estorrs/data/rnaediting/fastqs/C3N-01414.RNA-Seq.R1.T.fastq	/gscmnt/gc2508/dinglab/estorrs/data/rnaediting/fastqs/C3N-01414.RNA-Seq.R2.T.fastq
/gscmnt/gc2508/dinglab/estorrs/data/rnaediting/fastqs/C3N-00495.RNA-Seq.R1.T.fastq	/gscmnt/gc2508/dinglab/estorrs/data/rnaediting/fastqs/C3N-00495.RNA-Seq.R2.T.fastq
/gscmnt/gc2508/dinglab/estorrs/data/rnaediting/fastqs/C3N-00572.RNA-Seq.R1.A.fastq	/gscmnt/gc2508/dinglab/estorrs/data/rnaediting/fastqs/C3N-00572.RNA-Seq.R2.A.fastq
/gscmnt/gc2508/dinglab/estorrs/data/rnaediting/fastqs/C3L-00932.RNA-Seq.R1.T.fastq	/gscmnt/gc2508/dinglab/estorrs/data/rnaediting/fastqs/C3L-00932.RNA-Seq.R2.T.fastq
/gscmnt/gc2508/dinglab/estorrs/data/rnaediting/fastqs/C3N-00738.RNA-Seq.R1.T.fastq	/gscmnt/gc2508/dinglab/estorrs/data/rnaediting/fastqs/C3N-00738.RNA-Seq.R2.T.fastq
/gscmnt/gc2508/dinglab/estorrs/data/rnaediting/fastqs/C3L-00581.RNA-Seq.R1.A.fastq	/gscmnt/gc2508/dinglab/estorrs/data/rnaediting/fastqs/C3L-00581.RNA-Seq.R2.A.fastq
/gscmnt/gc2508/dinglab/estorrs/data/rnaediting/fastqs/C3N-01220.RNA-Seq.R1.A.fastq	/gscmnt/gc2508/dinglab/estorrs/data/rnaediting/fastqs/C3N-01220.RNA-Seq.R2.A.fastq
/gscmnt/gc2508/dinglab/estorrs/data/rnaediting/fastqs/C3L-00144.RNA-Seq.R1.T.fastq	/gscmnt/gc2508/dinglab/estorrs/data/rnaediting/fastqs/C3L-00144.RNA-Seq.R2.T.fastq
/gscmnt/gc2508/dinglab/estorrs/data/rnaediting/fastqs/C3N-02587.RNA-Seq.R1.A.fastq	/gscmnt/gc2508/dinglab/estorrs/data/rnaediting/fastqs/C3N-02587.RNA-Seq.R2.A.fastq
/gscmnt/gc2508/dinglab/estorrs/data/rnaediting/fastqs/C3N-00491.RNA-Seq.R1.T.fastq	/gscmnt/gc2508/dinglab/estorrs/data/rnaediting/fastqs/C3N-00491.RNA-Seq.R2.T.fastq
/gscmnt/gc2508/dinglab/estorrs/data/rnaediting/fastqs/C3L-01682.RNA-Seq.R1.A.fastq	/gscmnt/gc2508/dinglab/estorrs/data/rnaediting/fastqs/C3L-01682.RNA-Seq.R2.A.fastq
/gscmnt/gc2508/dinglab/estorrs/data/rnaediting/fastqs/C3N-00579.RNA-Seq.R1.T.fastq	/gscmnt/gc2508/dinglab/estorrs/data/rnaediting/fastqs/C3N-00579.RNA-Seq.R2.T.fastq
/gscmnt/gc2508/dinglab/estorrs/data/rnaediting/fastqs/C3L-00103.RNA-Seq.R1.A.fastq	/gscmnt/gc2508/dinglab/estorrs/data/rnaediting/fastqs/C3L-00103.RNA-Seq.R2.A.fastq
/gscmnt/gc2508/dinglab/estorrs/data/rnaediting/fastqs/C3L-00006.RNA-Seq.R1.A.fastq	/gscmnt/gc2508/dinglab/estorrs/data/rnaediting/fastqs/C3L-00006.RNA-Seq.R2.A.fastq
/gscmnt/gc2508/dinglab/estorrs/data/rnaediting/fastqs/C3N-00217.RNA-Seq.R1.A.fastq	/gscmnt/gc2508/dinglab/estorrs/data/rnaediting/fastqs/C3N-00217.RNA-Seq.R2.A.fastq
/gscmnt/gc2508/dinglab/estorrs/data/rnaediting/fastqs/C3L-01836.RNA-Seq.R1.T.fastq	/gscmnt/gc2508/dinglab/estorrs/data/rnaediting/fastqs/C3L-01836.RNA-Seq.R2.T.fastq
/gscmnt/gc2508/dinglab/estorrs/data/rnaediting/fastqs/C3L-00907.RNA-Seq.R1.A.fastq	/gscmnt/gc2508/dinglab/estorrs/data/rnaediting/fastqs/C3L-00907.RNA-Seq.R2.A.fastq
/gscmnt/gc2508/dinglab/estorrs/data/rnaediting/fastqs/C3N-01808.RNA-Seq.R1.A.fastq	/gscmnt/gc2508/dinglab/estorrs/data/rnaediting/fastqs/C3N-01808.RNA-Seq.R2.A.fastq
/gscmnt/gc2508/dinglab/estorrs/data/rnaediting/fastqs/C3N-00494.RNA-Seq.R1.T.fastq	/gscmnt/gc2508/dinglab/estorrs/data/rnaediting/fastqs/C3N-00494.RNA-Seq.R2.T.fastq
/gscmnt/gc2508/dinglab/estorrs/data/rnaediting/fastqs/C3L-01637.RNA-Seq.R1.T.fastq	/gscmnt/gc2508/dinglab/estorrs/data/rnaediting/fastqs/C3L-01637.RNA-Seq.R2.T.fastq
/gscmnt/gc2508/dinglab/estorrs/data/rnaediting/fastqs/C3L-00607.RNA-Seq.R1.T.fastq	/gscmnt/gc2508/dinglab/estorrs/data/rnaediting/fastqs/C3L-00607.RNA-Seq.R2.T.fastq
/gscmnt/gc2508/dinglab/estorrs/data/rnaediting/fastqs/C3L-00094.RNA-Seq.R1.T.fastq	/gscmnt/gc2508/dinglab/estorrs/data/rnaediting/fastqs/C3L-00094.RNA-Seq.R2.T.fastq
/gscmnt/gc2508/dinglab/estorrs/data/rnaediting/fastqs/C3L-00908.RNA-Seq.R1.T.fastq	/gscmnt/gc2508/dinglab/estorrs/data/rnaediting/fastqs/C3L-00908.RNA-Seq.R2.T.fastq
/gscmnt/gc2508/dinglab/estorrs/data/rnaediting/fastqs/C3N-00704.RNA-Seq.R1.T.fastq	/gscmnt/gc2508/dinglab/estorrs/data/rnaediting/fastqs/C3N-00704.RNA-Seq.R2.T.fastq
/gscmnt/gc2508/dinglab/estorrs/data/rnaediting/fastqs/C3N-01178.RNA-Seq.R1.T.fastq	/gscmnt/gc2508/dinglab/estorrs/data/rnaediting/fastqs/C3N-01178.RNA-Seq.R2.T.fastq
/gscmnt/gc2508/dinglab/estorrs/data/rnaediting/fastqs/C3L-00369.RNA-Seq.R1.A.fastq	/gscmnt/gc2508/dinglab/estorrs/data/rnaediting/fastqs/C3L-00369.RNA-Seq.R2.A.fastq
/gscmnt/gc2508/dinglab/estorrs/data/rnaediting/fastqs/C3N-01651.RNA-Seq.R1.T.fastq	/gscmnt/gc2508/dinglab/estorrs/data/rnaediting/fastqs/C3N-01651.RNA-Seq.R2.T.fastq
/gscmnt/gc2508/dinglab/estorrs/data/rnaediting/fastqs/C3L-00604.RNA-Seq.R1.T.fastq	/gscmnt/gc2508/dinglab/estorrs/data/rnaediting/fastqs/C3L-00604.RNA-Seq.R2.T.fastq
/gscmnt/gc2508/dinglab/estorrs/data/rnaediting/fastqs/C3N-00293.RNA-Seq.R1.T.fastq	/gscmnt/gc2508/dinglab/estorrs/data/rnaediting/fastqs/C3N-00293.RNA-Seq.R2.T.fastq
/gscmnt/gc2508/dinglab/estorrs/data/rnaediting/fastqs/C3N-00167.RNA-Seq.R1.T.fastq	/gscmnt/gc2508/dinglab/estorrs/data/rnaediting/fastqs/C3N-00167.RNA-Seq.R2.T.fastq
/gscmnt/gc2508/dinglab/estorrs/data/rnaediting/fastqs/C3N-01488.RNA-Seq.R1.A.fastq	/gscmnt/gc2508/dinglab/estorrs/data/rnaediting/fastqs/C3N-01488.RNA-Seq.R2.A.fastq
/gscmnt/gc2508/dinglab/estorrs/data/rnaediting/fastqs/C3N-00333.RNA-Seq.R1.A.fastq	/gscmnt/gc2508/dinglab/estorrs/data/rnaediting/fastqs/C3N-00333.RNA-Seq.R2.A.fastq
/gscmnt/gc2508/dinglab/estorrs/data/rnaediting/fastqs/C3N-00199.RNA-Seq.R1.A.fastq	/gscmnt/gc2508/dinglab/estorrs/data/rnaediting/fastqs/C3N-00199.RNA-Seq.R2.A.fastq
/gscmnt/gc2508/dinglab/estorrs/data/rnaediting/fastqs/C3L-01882.RNA-Seq.R1.T.fastq	/gscmnt/gc2508/dinglab/estorrs/data/rnaediting/fastqs/C3L-01882.RNA-Seq.R2.T.fastq
/gscmnt/gc2508/dinglab/estorrs/data/rnaediting/fastqs/C3N-00223.RNA-Seq.R1.A.fastq	/gscmnt/gc2508/dinglab/estorrs/data/rnaediting/fastqs/C3N-00223.RNA-Seq.R2.A.fastq
